diagnosis, type code for the diagnosis 
"Abdominal migraine"
"Abdominal pain"
"Abscess"
"Acanthosis Nigricans"
"Achalasia"
"Acid reflux"
"Acne"
"Acrocyanosis"
"Acromegaly"
"Acute Appendicitis"
"Acute Cutaneous Lupus Erythematosus"
"Acute Disseminated Encephalomyelitis"
"Acute Disseminated Encephalomyelitis (ADEM)"
"Acute Epstein-Barr Virus Infection (Mononucleosis)"
"Acute Gastroenteritis"
"Acute Glomerulonephritis"
"Acute Hepatic Encephalopathy"
"Acute Hepatitis"
"Acute Intermittent Porphyria"
"Acute Interstitial Nephritis"
"Acute Interstitial Pneumonia"
"Acute Kidney Injury"
"Acute Kidney Injury (AKI) secondary to infection"
"Acute Kidney Injury (due to Glomerulonephritis)"
"Acute Leukemia"
"Acute Liver Failure"
"Acute Lymphadenitis"
"Acute Lymphoblastic Leukemia"
"Acute Lymphoblastic Leukemia (ALL)"
"Acute Myositis"
"Acute Osteomyelitis"
"Acute Pancreatitis"
"Acute Porphyria"
"Acute Post-Streptococcal Glomerulonephritis"
"Acute Post-Streptococcal Glomerulonephritis (APSGN)"
"Acute Post-streptococcal Glomerulonephritis"
"Acute Post-streptococcal Glomerulonephritis (APSGN)"
"Acute Poststreptococcal Glomerulonephritis"
"Acute Pyelonephritis"
"Acute Rheumatic Arthritis"
"Acute Rheumatic Fever"
"Acute Rheumatic Heart Disease"
"Acute Systemic Lupus Erythematosus Flare"
"Acute Viral Encephalitis"
"Acute Viral Hepatitis"
"Acute Viral Illness"
"Acute Viral Infection"
"Acute abdomen (appendicitis)"
"Acute appendicitis"
"Acute disseminated encephalomyelitis (ADEM)"
"Acute gastritis"
"Acute glomerulonephritis"
"Acute hepatitis"
"Acute intermittent porphyria"
"Acute leukemia"
"Acute liver failure"
"Acute lymphadenitis"
"Acute lymphoblastic leukemia"
"Acute lymphoblastic leukemia (ALL)"
"Acute pancreatitis"
"Acute poststreptococcal glomerulonephritis"
"Acute poststreptococcal glomerulonephritis (APSGN)"
"Acute pyelonephritis"
"Acute rheumatic fever"
"Acute viral hepatitis"
"Addison's Disease"
"Addison's disease"
"Adrenal Insufficiency (Addison's Disease)"
"Alagille Syndrome"
"Allergic Contact Dermatitis"
"Allergic Reaction"
"Allergic Reaction or Atopic Dermatitis"
"Allergic Reaction or Contact Dermatitis"
"Allergic Reaction or Dermatitis"
"Allergic Reaction/Anaphylaxis"
"Allergic Reaction/Angioedema"
"Allergic Reaction/Atopic Dermatitis"
"Allergic Reaction/Drug Reaction"
"Allergic Response/Atopic Dermatitis"
"Allergic Rhinitis"
"Allergic contact dermatitis"
"Allergic reaction"
"Allergic reaction (such as to medication or environmental factors)"
"Allergic reaction or Contact Dermatitis"
"Allergic rhinitis"
"Alopecia Areata"
"Alopecia Areata with Concurrent Liver and Lung Issues"
"Alpha-1 Antitrypsin Deficiency"
"Alport Syndrome"
"Alport syndrome"
"Amyloidosis"
"Amyopathic Dermatomyositis"
"Amyotrophic Lateral Sclerosis (ALS)"
"Anemia"
"Angioedema"
"Anorexia Nervosa"
"Anorexia nervosa"
"Antiphospholipid Antibody Syndrome"
"Antiphospholipid Syndrome"
"Antiphospholipid Syndrome (APS)"
"Antiphospholipid syndrome"
"Antisynthetase Syndrome"
"Anxiety"
"Anxiety Disorder"
"Anxiety Disorder or Depression"
"Anxiety Disorder with Somatic Symptoms"
"Anxiety disorder"
"Anxiety or Panic Disorder"
"Anxiety or Psychogenic Dysphagia"
"Anxiety or stress"
"Anxiety-Related Dysphagia"
"Anxiety-induced Hyperventilation"
"Aphthous Stomatitis (Canker Sores)"
"Aphthous Ulcers (Canker Sores)"
"Aphthous stomatitis (canker sores)"
"Aplastic Anemia"
"Appendicitis"
"Arterial Insufficiency"
"Arterial Occlusive Disease"
"Arterial Thrombosis"
"Arthrogryposis Multiplex Congenita (AMC)"
"Arthrogryposis multiplex congenita"
"Asthma"
"Asthma exacerbation"
"Asthma with Eczema"
"Asthma with Joint Hypermobility Syndrome"
"Asthma with associated skin condition"
"Asthma with skin changes"
"Atopic Dermatitis"
"Atopic Dermatitis (Eczema)"
"Atopic Dermatitis with Myopathy"
"Atopic Dermatitis with Secondary Infection"
"Atopic dermatitis"
"Atopic dermatitis with secondary infection"
"Autoimmune Disorder (e.g., Systemic Lupus Erythematosus)"
"Autoimmune Disorders"
"Autoimmune Encephalitis"
"Autoimmune Hemolytic Anemia"
"Autoimmune Hepatitis"
"Autoimmune Hepatitis with Multisystem Involvement"
"Autoimmune Lymphoproliferative Syndrome (ALPS)"
"Autoimmune Overlap Syndrome"
"Autoimmune Pancreatitis"
"Autoimmune Polyendocrine Syndrome"
"Autoimmune Thyroiditis"
"Autoimmune Thyroiditis (Hashimoto's disease)"
"Autoimmune disorder"
"Autoimmune disorder (e.g., Juvenile idiopathic arthritis)"
"Autoimmune disorder (e.g., Lupus)"
"Autoimmune disorder (e.g., Systemic Lupus Erythematosus)"
"Autoimmune disorders"
"Autoimmune hepatitis"
"Autoimmune lymphoproliferative syndrome"
"Bacterial Endocarditis"
"Bacterial Infection"
"Bacterial Infection (e.g., Streptococcal Pharyngitis)"
"Bacterial Infection (e.g., Streptococcal Pharyngitis, Pneumonia)"
"Bacterial Infection (e.g., Streptococcal Pharyngitis, Urinary Tract Infection)"
"Bacterial Infections (such as Leptospirosis)"
"Bacterial Meningitis"
"Bacterial Meningitis with Complications"
"Bacterial infection"
"Bacterial meningitis"
"Behcet's Disease"
"Behcet's disease"
"Behçet's Disease"
"Behçet's disease"
"Beta Thalassemia Major"
"Biliary Atresia"
"Biliary Tract Infection"
"Biliary atresia"
"Bladder Cancer"
"Bladder or Kidney Stones"
"Brain Tumor"
"Budd-Chiari Syndrome"
"Buerger's Disease"
"Buerger's Disease (Thromboangiitis Obliterans)"
"Buerger's disease"
"Burns (First or Second Degree)"
"CNS Vasculitis"
"CREST Syndrome"
"CREST Syndrome (Limited Scleroderma)"
"CREST Syndrome (limited scleroderma)"
"CREST syndrome"
"Calcinosis Cutis"
"Cancer"
"Cancer (e.g. lymphoma)"
"Canker sores"
"Cardiac condition"
"Cardiac condition (such as Pericarditis)"
"Cardiac conditions"
"Cardiac disease"
"Cardiac issues such as myocarditis"
"Cardiomyopathy"
"Cardiovascular disease"
"Carpal Tunnel Syndrome"
"Carpal tunnel syndrome"
"Cat Scratch Disease"
"Cat scratch disease"
"Cat scratch fever"
"Cat scratch fever (Bartonella henselae infection)"
"Celiac Disease"
"Celiac Disease with Neurological Manifestations"
"Celiac disease"
"Cellulitis"
"Central Nervous System (CNS) Lupus"
"Central Nervous System (CNS) Vasculitis"
"Central Nervous System Infection"
"Central Nervous System Infection (e.g., encephalitis)"
"Cerebral Palsy"
"Cerebral palsy"
"Chiari Malformation"
"Chickenpox"
"Chilblains"
"Chilblains (Pernio)"
"Chilblains (Perniosis)"
"Childhood Asthma"
"Childhood Cancer (e.g., Wilms' Tumor)"
"Childhood Leukemia"
"Childhood Polyarteritis Nodosa"
"Childhood Polymyositis"
"Childhood Polymyositis (PM)"
"Childhood Scleroderma"
"Childhood Systemic Sclerosis"
"Childhood Systemic Vasculitis"
"Childhood Tuberculosis"
"Childhood Vasculitis"
"Childhood Vasculitis (e.g., Kawasaki Disease)"
"Childhood leukemia"
"Childhood-onset Granulomatosis with Polyangiitis"
"Childhood-onset Granulomatosis with Polyangiitis (GPA)"
"Childhood-onset Lupus"
"Childhood-onset Polyarteritis Nodosa"
"Childhood-onset Sarcoidosis"
"Childhood-onset Schizophrenia"
"Childhood-onset Scleroderma"
"Childhood-onset Sjogren's Syndrome"
"Childhood-onset Systemic Sclerosis (Scleroderma)"
"Chronic Active Epstein-Barr Virus Infection"
"Chronic Active Hepatitis"
"Chronic Cold Exposure"
"Chronic Fatigue Syndrome"
"Chronic Fatigue Syndrome (CFS)"
"Chronic Glomerulonephritis"
"Chronic Graft-versus-Host Disease"
"Chronic Granulomatous Disease"
"Chronic Granulomatous Disease (CGD)"
"Chronic Hepatitis"
"Chronic Inflammatory Demyelinating Polyneuropathy (CIDP)"
"Chronic Inflammatory Disease"
"Chronic Inflammatory Myopathy"
"Chronic Kidney Disease"
"Chronic Kidney Disease (CKD)"
"Chronic Liver Disease"
"Chronic Myelogenous Leukemia"
"Chronic Myelogenous Leukemia (CML)"
"Chronic Myeloid Leukemia"
"Chronic Myofascial Pain"
"Chronic Obstructive Pulmonary Disease (COPD)"
"Chronic Pancreatitis"
"Chronic anemia"
"Chronic fatigue syndrome"
"Chronic kidney disease"
"Chronic kidney disease (CKD)"
"Chronic liver disease"
"Chronic myelogenous leukemia"
"Chronic obstructive pulmonary disease (COPD)"
"Chronic viral hepatitis"
"Churg-Strauss Syndrome"
"Coarctation of the Aorta"
"Coeliac Disease"
"Coeliac disease"
"Cognitive Impairment"
"Cold Agglutinin Disease"
"Cold Exposure"
"Cold Exposure/Frostbite"
"Cold Urticaria"
"Cold-Induced Vasospasm"
"Cold-induced Asthma"
"Cold-induced Vasospasm"
"Complex Regional Pain Syndrome"
"Complex Regional Pain Syndrome (CRPS)"
"Complex regional pain syndrome (CRPS)"
"Congenital Heart Defect"
"Congenital Heart Defect with Pulmonary Hypertension"
"Congenital Heart Disease"
"Congenital Heart Disease with Complications"
"Congenital Heart Disease with Secondary Effects"
"Congenital Heart Disease with complications"
"Congenital Hepatic Fibrosis"
"Congenital Hypothyroidism"
"Congenital Ichthyosis"
"Congenital Muscular Dystrophy"
"Congenital Muscular Torticollis"
"Congenital Myasthenic Syndrome"
"Congenital Myasthenic Syndromes"
"Congenital Myopathies"
"Congenital Myopathy"
"Congenital Syphilis"
"Congenital central hypoventilation syndrome"
"Congenital heart defect"
"Congenital heart disease"
"Congenital hepatic fibrosis"
"Congenital muscular dystrophy"
"Congenital myasthenic syndrome"
"Congenital myopathy"
"Congestive Cardiac Failure"
"Congestive Heart Failure"
"Congestive Heart Failure (CHF)"
"Congestive Hepatomegaly"
"Congestive Splenomegaly"
"Congestive heart failure"
"Congestive hepatomegaly"
"Connective Tissue Disease"
"Connective Tissue Disorder"
"Connective Tissue Disorder (e.g., Juvenile Systemic Sclerosis)"
"Connective Tissue Disorder (e.g., Scleroderma)"
"Connective tissue disorder"
"Connective tissue disorder (e.g., lupus, scleroderma)"
"Connective tissue disorders"
"Constipation"
"Constitutional Growth Delay"
"Constitutional growth delay"
"Contact Dermatitis"
"Contact Dermatitis with Concurrent Viral Myositis"
"Contact Dermatitis with Secondary Complications"
"Contact dermatitis"
"Costochondritis"
"Coxsackie virus (Herpangina)"
"Coxsackievirus (Hand, Foot, and Mouth Disease)"
"Coxsackievirus Infection"
"Coxsackievirus infection"
"Crohn's Disease"
"Crohn's disease"
"Cryoglobulinemia"
"Cushing's Syndrome"
"Cushing's syndrome"
"Cutaneous Leishmaniasis"
"Cutaneous Lupus Erythematosus"
"Cutaneous Lupus Erythematosus (CLE)"
"Cutaneous Lymphoma"
"Cutaneous Mastocytosis"
"Cutaneous Porphyria"
"Cutaneous Porphyrias"
"Cutaneous Sarcoidosis"
"Cutaneous T-cell Lymphoma"
"Cutaneous T-cell lymphoma"
"Cutaneous T-cell lymphoma (CTCL)"
"Cutaneous lupus erythematosus"
"Cutaneous mastocytosis"
"Cutaneous porphyrias"
"Cutis verticis gyrata"
"Cyanosis due to Congenital Heart Disease"
"Cyanotic Congenital Heart Defect"
"Cyanotic Congenital Heart Disease"
"Cyanotic Heart Disease"
"Cyanotic congenital heart defect"
"Cyanotic heart disease"
"Cyst"
"Cystic Fibrosis"
"Cystic Fibrosis with skin manifestations"
"Cystic fibrosis"
"Cystinosis"
"Cytomegalovirus (CMV) Infection"
"Deconditioning"
"Deconditioning/Poor Physical Fitness"
"Dehydration"
"Dehydration with underlying infection"
"Dental issues"
"Depression"
"Dermatitis"
"Dermatitis Herpetiformis"
"Dermatitis herpetiformis"
"Dermatitis or Eczema"
"Dermatofibroma"
"Dermatofibromas"
"Dermatofibrosarcoma Protuberans"
"Dermatofibrosarcoma protuberans"
"Dermatologic condition (e.g., allergic reaction, contact dermatitis)"
"Dermatomyositis"
"Dermatomyositis Secondary to Malignancy"
"Dermatomyositis-Pancreatitis Syndrome"
"Dermatomyositis-like Drug Reaction"
"Dermatomyositis-like drug reaction"
"Diabetes"
"Diabetes Insipidus"
"Diabetes Mellitus"
"Diabetes Mellitus (Type 1)"
"Diabetes Mellitus Type 1"
"Diabetes mellitus"
"Diabetic Cheiroarthropathy"
"Diabetic Dermopathy"
"Diabetic Ketoacidosis"
"Diabetic Scleredema"
"Digital Ischemia"
"Dilated Cardiomyopathy"
"Discoid Lupus Erythematosus"
"Discoid Lupus Erythematosus (DLE)"
"Discoid lupus erythematosus"
"Discoid lupus erythematosus (DLE)"
"Drug Hypersensitivity Reaction"
"Drug Reaction"
"Drug Reaction (e.g., DRESS syndrome)"
"Drug Reaction or Adverse Effect"
"Drug Reaction or Toxicity"
"Drug Reaction with Eosinophilia and Systemic Symptoms (DRESS)"
"Drug Reaction with Eosinophilia and Systemic Symptoms (DRESS) Syndrome"
"Drug reaction"
"Drug-Induced Liver Injury"
"Drug-Induced Liver Injury with Side Effects"
"Drug-Induced Lupus"
"Drug-Induced Lupus Erythematosus"
"Drug-Induced Myopathy with Rash"
"Drug-induced Hepatitis"
"Drug-induced Liver Injury"
"Drug-induced Lupus"
"Drug-induced liver injury"
"Drug-induced lupus"
"Drug-induced psychosis"
"Duchenne Muscular Dystrophy"
"Duchenne Muscular Dystrophy (DMD)"
"Duchenne muscular dystrophy"
"Dupuytren's Contracture"
"Dupuytren's contracture"
"Dysphagia"
"Early-Onset Lupus"
"Early-onset Fibromyalgia"
"Ectodermal dysplasia"
"Eczema"
"Eczema (Acute phase)"
"Eczema (Atopic Dermatitis)"
"Eczema with Neuromuscular Disorder"
"Eczema with Secondary Infection"
"Ehler-Danlos Syndrome"
"Ehlers-Danlos Syndrome"
"Ehlers-Danlos Syndrome (EDS)"
"Ehlers-Danlos Syndrome (Vascular Type)"
"Ehlers-Danlos Syndrome (scleroderma-like variant)"
"Ehlers-Danlos Syndrome (vascular type)"
"Ehlers-Danlos syndrome"
"Eisenmenger Syndrome"
"Eisenmenger syndrome"
"Eisenmenger's Syndrome"
"Electrolyte Imbalance"
"Encephalitis"
"Endocarditis"
"Endocrine Disorder (e.g., Hyperthyroidism)"
"Endocrine disorders (e.g., hypothyroidism or Cushing's syndrome)"
"Eosinophilic Esophagitis"
"Eosinophilic Esophagitis (EoE)"
"Eosinophilic Fasciitis"
"Eosinophilic Gastrointestinal Disorders"
"Eosinophilic Granulomatosis with Polyangiitis"
"Eosinophilic Granulomatosis with Polyangiitis (Churg-Strauss Syndrome)"
"Eosinophilic Granulomatosis with Polyangiitis (EGPA)"
"Eosinophilic esophagitis"
"Eosinophilic fasciitis"
"Eosinophilic granulomatosis with polyangiitis"
"Eosinophilic granulomatosis with polyangiitis (Churg-Strauss Syndrome)"
"Eosinophilic granulomatosis with polyangiitis (Churg-Strauss syndrome)"
"Eosinophilic granulomatosis with polyangiitis (EGPA)"
"Epidermal Inclusion Cysts"
"Epidermal inclusion cyst"
"Epidermoid Cyst"
"Epidermoid Cysts"
"Epidermoid cyst"
"Epidermoid cysts"
"Epidermolysis Bullosa"
"Epilepsy"
"Epilepsy with Rash"
"Epilepsy with comorbid autoimmune condition"
"Epilepsy with systemic symptoms"
"Epstein-Barr Virus (EBV) Hepatitis"
"Epstein-Barr Virus (EBV) Infection"
"Epstein-Barr Virus (EBV) Infection (Mononucleosis)"
"Epstein-Barr Virus (Mononucleosis)"
"Epstein-Barr Virus Infection"
"Epstein-Barr Virus Infection (Infectious Mononucleosis)"
"Epstein-Barr Virus Infection (Mononucleosis)"
"Epstein-Barr virus (EBV) infection"
"Eruptive Xanthoma"
"Eruptive xanthoma"
"Erythema Infectiosum (Fifth Disease)"
"Erythema Multiforme"
"Erythema Nodosum"
"Erythema multiforme"
"Erythema nodosum"
"Erythromelalgia"
"Erythropoietic Protoporphyria"
"Erythropoietic protoporphyria (EPP)"
"Esophageal Achalasia"
"Esophageal Disorders"
"Esophageal Dysmotility"
"Esophageal Dysmotility Disorder"
"Esophageal Dysphagia"
"Esophageal Motility Disorder"
"Esophageal Motility Disorders"
"Esophageal Ring"
"Esophageal Ring or Web"
"Esophageal Rings"
"Esophageal Rings or Webs"
"Esophageal Spasm"
"Esophageal Stricture"
"Esophageal Stricture or Achalasia"
"Esophageal Stricture or Dysmotility"
"Esophageal Stricture or Dysphagia"
"Esophageal Tumor"
"Esophageal Webs"
"Esophageal achalasia"
"Esophageal cancer"
"Esophageal disorders"
"Esophageal dysmotility"
"Esophageal dysmotility disorders"
"Esophageal dysphagia"
"Esophageal motility disorder"
"Esophageal ring or web"
"Esophageal stricture"
"Esophageal stricture or achalasia"
"Esophageal strictures"
"Esophagitis"
"Ewing's sarcoma"
"Exercise-Induced Asthma"
"Exercise-Induced Asthma with Eczema"
"Exercise-induced Asthma"
"Exercise-induced Asthma with Deconditioning"
"Exercise-induced asthma"
"Exercise-induced bronchoconstriction"
"Exercise-induced bronchospasm"
"Familial Mediterranean Fever"
"Familial Mediterranean Fever (FMF)"
"Familial Mediterranean fever"
"Familial Mediterranean fever (FMF)"
"Familial Multiple Lipomatosis"
"Familial Partial Lipodystrophy"
"Fanconi Syndrome"
"Felty's Syndrome"
"Fever of unknown origin"
"Fibromyalgia"
"Fifth Disease (Erythema Infectiosum)"
"Fifth Disease (Parvovirus B19 Infection)"
"Fifth Disease (Parvovirus B19 infection)"
"Fifth Disease (Parvovirus B19)"
"Folliculitis"
"Food Allergy"
"Food impaction"
"Food impaction (Esophageal Stricture)"
"Foreign Body Aspiration"
"Foreign Body Esophagus"
"Foreign Body Granuloma"
"Foreign Body Granulomas"
"Foreign Body Impaction"
"Foreign Body Ingestion"
"Foreign Body Obstruction"
"Foreign body aspiration"
"Foreign body in the throat"
"Foreign body ingestion"
"Foreign body obstruction"
"Frostbite"
"Frostbite or Cold Exposure"
"Frostbite or Cold-Induced Injury"
"Frostbite or Cold-Induced Vasospasm"
"Frostbite/Cold-Induced Vasospasm"
"Functional Abdominal Pain"
"GERD (Gastroesophageal Reflux Disease)"
"GERD (Gastroesophageal reflux disease)"
"GERD (gastroesophageal reflux disease)"
"GERD with Anxiety"
"GERD with Dermatological Manifestations"
"GERD with Eosinophilic Esophagitis"
"GERD with Esophagitis"
"GERD with Joint Hypermobility Syndrome"
"GERD with complications"
"GVHD (Graft Versus Host Disease)"
"Ganglion Cysts"
"Gastroenteritis"
"Gastroesophageal Reflux Disease (GERD)"
"Gastroesophageal reflux disease (GERD)"
"Gastrointestinal (GI) Disorder"
"Gastrointestinal Bleeding"
"Gastrointestinal Bleeding or Ulceration"
"Gastrointestinal Disorders (e.g., Ulcerative Colitis)"
"Gastrointestinal Disorders (such as inflammatory bowel disease)"
"Gastrointestinal Esophageal Reflux Disease (GERD)"
"Gastrointestinal Reflux Disease (GERD)"
"Gastrointestinal bleeding"
"Gastrointestinal disease"
"Gastrointestinal disorders"
"Gastrointestinal infection"
"Gaucher Disease"
"Gaucher disease"
"Gaucher's Disease"
"Gaucher's disease"
"Generalized Anxiety Disorder"
"Gingival Hyperplasia"
"Gingivitis"
"Gingivostomatitis"
"Glomerulonephritis"
"Glycogen Storage Disease"
"Glycogen Storage Disease Type I"
"Glycogen Storage Disease Type I (von Gierke disease)"
"Glycogen Storage Disease Type II (Pompe Disease)"
"Glycogen Storage Disease Type III"
"Glycogen Storage Disease Type III (Cori's Disease)"
"Glycogen Storage Disease Type IV"
"Glycogen storage disease"
"Goodpasture Syndrome"
"Goodpasture syndrome"
"Goodpasture's Syndrome"
"Graft-versus-Host Disease"
"Graft-versus-Host Disease (GVHD)"
"Graft-versus-host Disease"
"Graft-versus-host disease"
"Granuloma Annulare"
"Granulomatosis with Polyangiitis"
"Granulomatosis with Polyangiitis (GPA)"
"Granulomatosis with Polyangiitis (GPA, formerly Wegener's Granulomatosis)"
"Granulomatosis with Polyangiitis (Wegener's Granulomatosis)"
"Granulomatosis with Polyangiitis (Wegener's)"
"Granulomatosis with Polyangiitis (formerly Wegener's Granulomatosis)"
"Granulomatosis with Polyangiitis (formerly Wegener's)"
"Granulomatosis with polyangiitis"
"Granulomatosis with polyangiitis (GPA)"
"Granulomatosis with polyangiitis (Wegener's)"
"Graves' Disease"
"Group A Streptococcal Infection"
"Growing Pains"
"Growing Pains Syndrome"
"Growing pains"
"Growth Hormone Deficiency"
"Growth Pains"
"Growth Plate Injury"
"Growth hormone deficiency"
"Growth-related Joint Pain"
"Growth-related Musculoskeletal Pain"
"Guillain-Barre Syndrome"
"Guillain-Barre syndrome"
"Guillain-Barré Syndrome"
"Guillain-Barré Syndrome (GBS)"
"HIV/AIDS"
"HSP (Henoch-Schonlein Purpura)"
"Hand, Foot and Mouth Disease"
"Hand, Foot, and Mouth Disease"
"Hand, Foot, and Mouth Disease (HFMD)"
"Hand, foot, and mouth disease"
"Hand-Foot-Mouth Disease"
"Hand-Foot-and-Mouth Disease"
"Hand-foot-and-mouth disease"
"Hand-foot-mouth disease"
"Hashimoto's Encephalopathy"
"Hashimoto's Thyroiditis"
"Hashimoto's thyroiditis"
"Hashimoto’s Thyroiditis"
"Headache"
"Heart Condition"
"Heart Failure"
"Heart condition"
"Heart condition (e.g. congenital heart disease)"
"Heart condition (such as Congenital Heart Defect)"
"Heart condition (such as congenital heart disease)"
"Heart failure"
"Heat rash (prickly heat)"
"Hematologic malignancy (e.g., lymphoma)"
"Hematological Malignancy"
"Hematuria"
"Hematuria (Blood in urine)"
"Hematuria with Fever Syndrome"
"Hemochromatosis"
"Hemolytic Anemia"
"Hemolytic Uremic Syndrome"
"Hemolytic Uremic Syndrome (HUS)"
"Hemolytic anemia"
"Hemolytic uremic syndrome"
"Hemolytic uremic syndrome (HUS)"
"Hemolytic-Uremic Syndrome"
"Hemolytic-Uremic Syndrome (HUS)"
"Hemolytic-uremic Syndrome"
"Hemophagocytic Lymphohistiocytosis"
"Hemophagocytic Lymphohistiocytosis (HLH)"
"Hemophagocytic lymphohistiocytosis (HLH)"
"Hemophilia"
"Henoch-Schonlein Purpura"
"Henoch-Schonlein Purpura (HSP)"
"Henoch-Schonlein purpura"
"Henoch-Schonlein purpura (HSP)"
"Henoch-Schönlein Purpura"
"Henoch-Schönlein Purpura (HSP)"
"Henoch-Schönlein Purpura (HSP) with Renal Involvement"
"Henoch-Schönlein Purpura (HSP) with atypical presentation"
"Henoch-Schönlein Purpura (IgA Vasculitis)"
"Henoch-Schönlein Purpura with Atypical Presentation"
"Henoch-Schönlein purpura"
"Henoch-Schönlein purpura (HSP)"
"Hepatic Abscess"
"Hepatic Autoimmune Disease"
"Hepatic Cirrhosis"
"Hepatic Disease (e.g., Hepatitis)"
"Hepatic Disease (e.g., Wilson's Disease)"
"Hepatic Disorder"
"Hepatic Disorder (e.g., Autoimmune Hepatitis)"
"Hepatic Encephalopathy"
"Hepatic Glycogen Storage Disease"
"Hepatic Involvement"
"Hepatic Involvement in a Systemic Inflammatory Disorder"
"Hepatic Malignancy"
"Hepatic steatosis"
"Hepatitis"
"Hepatitis (Viral or Autoimmune)"
"Hepatitis (autoimmune or viral)"
"Hepatitis (viral or autoimmune)"
"Hepatitis A"
"Hepatitis B"
"Hepatitis C"
"Hepatitis or Liver Disease"
"Hepatitis with Autoimmune Features"
"Hepatitis with complications"
"Hepatitis-associated Autoimmune Disease"
"Hepatitis-related Arthritis"
"Hepatitis-related Autoimmune Condition"
"Hepatitis-related Vasculitis"
"Hepatoblastoma"
"Hepatocellular Carcinoma"
"Hepatocerebral Degeneration"
"Hepatomegaly"
"Hepatosplenic T-cell Lymphoma"
"Hepatosplenomegaly due to Infectious Mononucleosis"
"Hereditary hemorrhagic telangiectasia"
"Herpangina"
"Herpes Simplex Virus (HSV) Infection"
"Herpes Simplex Virus Infection"
"Hirschsprung Disease"
"Hirschsprung's Disease"
"Histiocytosis"
"Histoplasmosis"
"Hodgkin's Disease"
"Hodgkin's Lymphoma"
"Hodgkin's lymphoma"
"Hyper IgM Syndrome"
"Hyper-IgD Syndrome"
"Hypereosinophilic syndrome"
"Hyperhidrosis"
"Hyperlipidemia"
"Hypermobility Syndrome"
"Hypersensitivity Pneumonitis"
"Hypersensitivity Vasculitis"
"Hypersplenism"
"Hypertension"
"Hypertension secondary to renal artery stenosis"
"Hypertensive Emergency"
"Hyperthyroidism"
"Hyperthyroidism (Graves' Disease)"
"Hypertrophic Cardiomyopathy"
"Hypocalcemia"
"Hypokalemic Periodic Paralysis"
"Hypoparathyroidism"
"Hypopituitarism"
"Hypothermia"
"Hypothyroid Myopathy"
"Hypothyroid myopathy"
"Hypothyroidism"
"Ichthyosis"
"Ichthyosis Vulgaris"
"Idiopathic Calcinosis"
"Idiopathic Inflammatory Myopathies"
"Idiopathic Inflammatory Myopathy"
"Idiopathic Interstitial Pneumonia"
"Idiopathic Juvenile Arthritis"
"Idiopathic Pulmonary Fibrosis"
"Idiopathic Pulmonary Hemosiderosis"
"Idiopathic Thrombocytopenic Purpura"
"Idiopathic Thrombocytopenic Purpura (ITP)"
"Idiopathic inflammatory myopathies"
"Idiopathic pulmonary fibrosis"
"Idiopathic thrombocytopenic purpura (ITP)"
"IgA Nephropathy"
"IgA Nephropathy (Berger's Disease)"
"IgA Vasculitis (Henoch-Schonlein Purpura)"
"IgA nephropathy"
"Immune Thrombocytopenic Purpura (ITP)"
"Impetigo"
"Inclusion Body Myositis"
"Inclusion body myositis"
"Infection"
"Infection (e.g. viral or bacterial)"
"Infection (e.g., Rheumatic Fever)"
"Infection (e.g., Tuberculosis)"
"Infection (e.g., tuberculosis)"
"Infection (e.g., viral, bacterial)"
"Infection (e.g., viral, bacterial, or fungal)"
"Infection (possibly bacterial)"
"Infection (such as Lyme disease)"
"Infection (such as bacterial or viral)"
"Infection (such as cellulitis)"
"Infection (such as infectious mononucleosis)"
"Infection (such as pneumonia)"
"Infection (such as streptococcal infection)"
"Infection (such as viral illness)"
"Infection (such as viral or bacterial)"
"Infection with Neuropsychiatric Manifestations"
"Infection-associated vasculitis"
"Infection-induced Autoimmune Encephalitis"
"Infections (viral or bacterial)"
"Infectious Arthritis"
"Infectious Disease"
"Infectious Disease (e.g., Endocarditis, Tuberculosis)"
"Infectious Endocarditis"
"Infectious Gastroenteritis"
"Infectious Hepatitis"
"Infectious Mononucleosis"
"Infectious Mononucleosis (Mono)"
"Infectious Mononucleosis (complicated)"
"Infectious Mononucleosis with Secondary Complications"
"Infectious Myositis"
"Infectious causes like sepsis"
"Infectious causes such as Viral Myositis"
"Infectious disease"
"Infectious disease (e.g. viral or bacterial infection)"
"Infectious disease (e.g., Epstein-Barr virus, Cytomegalovirus)"
"Infectious diseases"
"Infectious hepatitis"
"Infectious mononucleosis"
"Infectious mononucleosis (Epstein-Barr virus)"
"Infectious myositis"
"Infective Endocarditis"
"Infective endocarditis"
"Inflammatory Bowel Disease"
"Inflammatory Bowel Disease (Crohn's Disease or Ulcerative Colitis)"
"Inflammatory Bowel Disease (Crohn's Disease)"
"Inflammatory Bowel Disease (Crohn's disease or Ulcerative Colitis)"
"Inflammatory Bowel Disease (Crohn's or Ulcerative Colitis)"
"Inflammatory Bowel Disease (IBD)"
"Inflammatory Bowel Disease (e.g., Crohn's Disease)"
"Inflammatory Bowel Disease (e.g., Crohn's disease)"
"Inflammatory Bowel Disease (such as Crohn's disease)"
"Inflammatory Bowel Disease with Extra-intestinal Manifestations"
"Inflammatory Myopathies"
"Inflammatory Myopathy"
"Inflammatory Myositis"
"Inflammatory bowel disease"
"Inflammatory bowel disease (Crohn's disease or ulcerative colitis)"
"Inflammatory bowel disease (IBD)"
"Inflammatory myopathies"
"Inflammatory myopathy"
"Influenza"
"Influenza (Flu)"
"Inherited Lipodystrophy Syndromes"
"Inherited Muscular Dystrophy"
"Inherited metabolic disorder (e.g., mitochondrial disorder)"
"Inherited metabolic disorders"
"Inherited muscular dystrophy"
"Injury or trauma"
"Insect Bite or Sting"
"Insect Bites"
"Interstitial Lung Disease"
"Interstitial Lung Disease (ILD)"
"Interstitial Lung Disease associated with Connective Tissue Disease"
"Interstitial lung disease"
"Intussusception"
"Iron Deficiency"
"Iron Deficiency Anemia"
"Iron deficiency anemia"
"Iron-Deficiency Anemia"
"Iron-deficiency Anemia"
"Iron-deficiency anemia"
"Irritable bowel syndrome"
"Juvenile Ankylosing Spondylitis"
"Juvenile Arthritis"
"Juvenile Autoimmune Hepatitis"
"Juvenile Batten Disease"
"Juvenile Biliary Atresia"
"Juvenile Connective Tissue Disease"
"Juvenile Dermatomyositis"
"Juvenile Dermatomyositis (JDM)"
"Juvenile Dermatomyositis with Overlap Syndrome"
"Juvenile Dermatomyositis with Vasculitis"
"Juvenile Diabetes"
"Juvenile Diabetes (Type 1 Diabetes)"
"Juvenile Diabetes (Type 1)"
"Juvenile Diabetes Mellitus"
"Juvenile Fibromyalgia"
"Juvenile Gaucher Disease"
"Juvenile Hemochromatosis"
"Juvenile Hepatic Fibrosis"
"Juvenile Hypertension"
"Juvenile Hypothyroidism"
"Juvenile Idiopathic Alopecia Areata"
"Juvenile Idiopathic Arthritis"
"Juvenile Idiopathic Arthritis (JIA)"
"Juvenile Idiopathic Arthritis (JIA) - Systemic Onset"
"Juvenile Idiopathic Arthritis (JIA) - Systemic onset"
"Juvenile Idiopathic Arthritis (JIA) - Systemic type"
"Juvenile Idiopathic Arthritis (JIA) with Complications"
"Juvenile Idiopathic Arthritis (JIA) with Dermatitis"
"Juvenile Idiopathic Arthritis (JIA) with Myositis"
"Juvenile Idiopathic Arthritis (JIA) with Raynaud's"
"Juvenile Idiopathic Arthritis (JIA) with Raynaud's Phenomenon"
"Juvenile Idiopathic Arthritis (JIA) with Raynaud's phenomenon"
"Juvenile Idiopathic Arthritis (JIA) with Renal Involvement"
"Juvenile Idiopathic Arthritis (JIA) with Scleroderma Features"
"Juvenile Idiopathic Arthritis (JIA) with Scleroderma-like Features"
"Juvenile Idiopathic Arthritis (JIA) with Secondary Sjögren's Syndrome"
"Juvenile Idiopathic Arthritis (JIA) with Skin Involvement"
"Juvenile Idiopathic Arthritis (JIA) with Systemic Features"
"Juvenile Idiopathic Arthritis (JIA) with Systemic Involvement"
"Juvenile Idiopathic Arthritis (JIA) with Systemic Onset"
"Juvenile Idiopathic Arthritis (JIA) with Systemic Onset (Still's Disease)"
"Juvenile Idiopathic Arthritis (JIA) with associated uveitis and systemic involvement"
"Juvenile Idiopathic Arthritis (JIA) with associated vasculitis"
"Juvenile Idiopathic Arthritis (JIA) with pulmonary involvement"
"Juvenile Idiopathic Arthritis (JIA) with secondary psychiatric symptoms"
"Juvenile Idiopathic Arthritis (JIA) with systemic features"
"Juvenile Idiopathic Arthritis (JIA) with systemic involvement"
"Juvenile Idiopathic Arthritis (JIA) with systemic onset"
"Juvenile Idiopathic Arthritis (JIA) with systemic onset (Still's Disease)"
"Juvenile Idiopathic Arthritis (JIA) with systemic onset (Still's disease)"
"Juvenile Idiopathic Arthritis (JIA) – Systemic Onset"
"Juvenile Idiopathic Arthritis (Systemic Onset)"
"Juvenile Idiopathic Arthritis (Systemic onset)"
"Juvenile Idiopathic Arthritis (Systemic type)"
"Juvenile Idiopathic Arthritis (Systemic)"
"Juvenile Idiopathic Arthritis (Systemic-Onset)"
"Juvenile Idiopathic Arthritis (Systemic-onset)"
"Juvenile Idiopathic Arthritis (specifically Systemic Onset)"
"Juvenile Idiopathic Arthritis (systemic onset)"
"Juvenile Idiopathic Arthritis (with Raynaud's phenomenon)"
"Juvenile Idiopathic Arthritis (with systemic features)"
"Juvenile Idiopathic Arthritis (with systemic involvement)"
"Juvenile Idiopathic Arthritis (with systemic onset)"
"Juvenile Idiopathic Arthritis with Lung Involvement"
"Juvenile Idiopathic Arthritis with Systemic Features"
"Juvenile Idiopathic Arthritis with Systemic Onset"
"Juvenile Idiopathic Arthritis with Uveitis"
"Juvenile Idiopathic Arthritis with associated complications"
"Juvenile Idiopathic Constipation"
"Juvenile Idiopathic Dermatomyositis"
"Juvenile Idiopathic Epilepsy"
"Juvenile Idiopathic Hepatomegaly"
"Juvenile Idiopathic Inflammatory Myopathy"
"Juvenile Idiopathic Oligoarthritis"
"Juvenile Idiopathic Pericarditis"
"Juvenile Idiopathic Pleural Effusion"
"Juvenile Idiopathic Pneumonia"
"Juvenile Idiopathic Pulmonary Fibrosis"
"Juvenile Idiopathic Pulmonary Hypertension"
"Juvenile Idiopathic Raynaud's"
"Juvenile Idiopathic Scleroderma"
"Juvenile Idiopathic Spleenomegaly"
"Juvenile Idiopathic Splenomegaly"
"Juvenile Interstitial Lung Disease"
"Juvenile Localized Scleroderma"
"Juvenile Localized Scleroderma (Morphea)"
"Juvenile Lupus"
"Juvenile Lupus (Systemic Lupus Erythematosus)"
"Juvenile Mixed Connective Tissue Disease"
"Juvenile Morphea"
"Juvenile Myasthenia Gravis"
"Juvenile Myelofibrosis"
"Juvenile Myoclonic Epilepsy"
"Juvenile Myositis"
"Juvenile Nephritis"
"Juvenile Nephropathy"
"Juvenile Nephrotic Syndrome"
"Juvenile Onset Multiple Sclerosis"
"Juvenile Polymyositis"
"Juvenile Polymyositis (JPM)"
"Juvenile Psoriasis"
"Juvenile Psoriatic Arthritis"
"Juvenile Psychiatric Disorder"
"Juvenile Rheumatic Heart Disease"
"Juvenile Rheumatoid Arthritis"
"Juvenile Rheumatoid Arthritis (JRA)"
"Juvenile Rheumatoid Arthritis (JRA) - Systemic Onset"
"Juvenile Rheumatoid Arthritis (JRA) with Extra-articular Manifestations"
"Juvenile Rheumatoid Arthritis (JRA) with Raynaud's Phenomenon"
"Juvenile Rheumatoid Arthritis (JRA) with Systemic Onset"
"Juvenile Rheumatoid Arthritis (Systemic Onset)"
"Juvenile Rheumatoid Arthritis (Systemic onset)"
"Juvenile Rheumatoid Arthritis (Systemic)"
"Juvenile Rheumatoid Arthritis (Systemic-onset)"
"Juvenile Rheumatoid Arthritis (with systemic involvement)"
"Juvenile Rheumatoid Arthritis (with systemic onset)"
"Juvenile Rheumatoid Arthritis with Systemic Features (Still’s Disease)"
"Juvenile Rheumatoid Arthritis with Systemic Onset"
"Juvenile Rheumatoid Arthritis with Visceral Involvement"
"Juvenile Sarcoidosis"
"Juvenile Scleroderma"
"Juvenile Sjogren's Syndrome"
"Juvenile Sjogren's syndrome"
"Juvenile Sjögren's Syndrome"
"Juvenile Spondyloarthritis"
"Juvenile Spondyloarthropathy"
"Juvenile Still's Disease"
"Juvenile Systemic Hypertension"
"Juvenile Systemic Lupus Erythematosus"
"Juvenile Systemic Lupus Erythematosus (JSLE)"
"Juvenile Systemic Lupus Erythematosus (SLE)"
"Juvenile Systemic Lupus Erythematosus (jSLE)"
"Juvenile Systemic Scleroderma"
"Juvenile Systemic Sclerosis"
"Juvenile Systemic Sclerosis (Juvenile Scleroderma)"
"Juvenile Systemic Sclerosis (Scleroderma)"
"Juvenile Systemic Sclerosis (scleroderma)"
"Juvenile Xanthogranuloma"
"Juvenile autoimmune hepatitis"
"Juvenile cellulitis"
"Juvenile dermatomyositis"
"Juvenile diabetes"
"Juvenile fibromyalgia"
"Juvenile idiopathic arthritis"
"Juvenile idiopathic arthritis (JIA)"
"Juvenile idiopathic fibromyalgia"
"Juvenile idiopathic inflammatory myopathy"
"Juvenile idiopathic lymphadenopathy"
"Juvenile idiopathic pulmonary hypertension"
"Juvenile idiopathic scoliosis"
"Juvenile idiopathic systemic vasculitis"
"Juvenile myasthenia gravis"
"Juvenile rheumatoid arthritis"
"Juvenile scleroderma"
"Juvenile systemic lupus erythematosus"
"Juvenile systemic scleroderma"
"Juvenile systemic sclerosis"
"Juvenile xanthogranuloma"
"Juvenile-Onset Schizophrenia"
"Kawasaki Disease"
"Kawasaki disease"
"Keloid Formation"
"Keloids"
"Keratosis Pilaris"
"Keratosis pilaris"
"Kidney Disease"
"Kidney Disease (such as glomerulonephritis)"
"Kidney Infection (Pyelonephritis)"
"Kidney Stones"
"Kidney disease"
"Kidney disease (such as glomerulonephritis)"
"Kidney infection"
"Kidney infection (Pyelonephritis)"
"Kidney stones"
"Lactose Intolerance"
"Langerhans Cell Histiocytosis"
"Langerhans Cell Histiocytosis (LCH)"
"Langerhans cell histiocytosis"
"Legg-Calve-Perthes Disease"
"Leishmania infection"
"Leishmaniasis"
"Leptospirosis"
"Leukemia"
"Leukemia (Acute Lymphoblastic Leukemia)"
"Leukemia (e.g., Acute Lymphoblastic Leukemia)"
"Lichen Planus"
"Lichen Sclerosus"
"Lichen planus"
"Lichen sclerosis"
"Lichen sclerosus"
"Limb-Girdle Muscular Dystrophy"
"Limb-Girdle Muscular Dystrophy (LGMD)"
"Limited Cutaneous Systemic Sclerosis"
"Limited Cutaneous Systemic Sclerosis (CREST Syndrome)"
"Linear Morphea"
"Linear Scleroderma"
"Linear Scleroderma (Morphea)"
"Linear scleroderma"
"Lipoatrophic Diabetes"
"Lipoatrophy"
"Lipodermatosclerosis"
"Lipodystrophy"
"Lipodystrophy Syndrome"
"Lipodystrophy syndromes"
"Lipoedema"
"Lipoid Proteinosis"
"Lipoma"
"Lipomas"
"Lipomatosis"
"Livedo Reticularis"
"Livedo reticularis"
"Liver disease"
"Localized Scleroderma"
"Localized Scleroderma (Morhea)"
"Localized Scleroderma (Morphaea)"
"Localized Scleroderma (Morphea)"
"Localized scleroderma (Morphea)"
"Loeys-Dietz Syndrome"
"Loeys-Dietz syndrome"
"Lung cancer"
"Lung disease"
"Lupus"
"Lupus (Juvenile SLE)"
"Lupus (Juvenile Systemic Lupus Erythematosus)"
"Lupus (SLE)"
"Lupus (SLE) in a juvenile form"
"Lupus (Systemic Lupus Erythematosus - SLE)"
"Lupus (Systemic Lupus Erythematosus or SLE)"
"Lupus (Systemic Lupus Erythematosus)"
"Lupus Cerebritis"
"Lupus Dermatitis"
"Lupus Dermatomyositis Overlap"
"Lupus Erythematosus"
"Lupus Erythematosus (Systemic Lupus Erythematosus or SLE)"
"Lupus Erythematosus (Systemic Lupus Erythematosus)"
"Lupus Myositis"
"Lupus Nephritis"
"Lupus Nephritis (associated with Systemic Lupus Erythematosus)"
"Lupus erythematosus"
"Lupus nephritis"
"Lupus pleuritis"
"Lyme Disease"
"Lyme Disease (late stage)"
"Lyme Disease (late-stage)"
"Lyme disease"
"Lymph Node Enlargement"
"Lymphadenitis"
"Lymphadenopathy"
"Lymphatic Obstruction or Lymphadenopathy"
"Lymphedema"
"Lymphoma"
"Lymphoma (Hodgkin's or Non-Hodgkin's)"
"Lymphoma (e.g., Non-Hodgkin Lymphoma)"
"Lymphoma (particularly Hodgkin's lymphoma)"
"Lysosomal Storage Disorders (e.g., Gaucher disease)"
"Major Depressive Disorder"
"Major depressive disorder"
"Malabsorption syndrome (e.g., Celiac Disease)"
"Malaria"
"Malignancy"
"Malignancy (Cancer)"
"Malignancy (Leukemia or Lymphoma)"
"Malignancy (e.g., Hepatoblastoma)"
"Malignancy (e.g., Leukemia or Lymphoma)"
"Malignancy (e.g., Leukemia)"
"Malignancy (e.g., Leukemia, Lymphoma)"
"Malignancy (e.g., Lymphoma)"
"Malignancy (e.g., leukemia, lymphoma)"
"Malnutrition"
"Malnutrition or Chronic Illness"
"Malnutrition or Eating Disorder"
"Marfan Syndrome"
"Marfan syndrome"
"Measles"
"Membranoproliferative Glomerulonephritis (MPGN)"
"Membranous Nephropathy"
"Meningitis"
"Meningococcal Disease"
"Meningococcal Meningitis"
"Meningococcemia"
"Mesenteric lymphadenitis"
"Metabolic Disorder"
"Metabolic Disorder (e.g., Wilson's Disease)"
"Metabolic Liver Disease (e.g., Glycogen Storage Disease)"
"Metabolic Myopathy"
"Metabolic disorder"
"Metabolic disorder (e.g., Wilson's disease)"
"Metabolic disorder (e.g., Wilson's disease, Gaucher's disease)"
"Metabolic myopathy"
"Methemoglobinemia"
"Microscopic Polyangiitis"
"Migraine"
"Migraine Headache"
"Migraine headache"
"Mitochondrial Disease"
"Mitochondrial Disorder"
"Mitochondrial Myopathy"
"Mitochondrial myopathy"
"Mitral Valve Prolapse"
"Mixed Connective Tissue Disease"
"Mixed Connective Tissue Disease (MCTD)"
"Mixed Cryoglobulinemia"
"Mixed connective tissue disease"
"Mixed connective tissue disease (MCTD)"
"Molluscum Contagiosum"
"Monoarthritis"
"Mononucleosis"
"Mononucleosis (Epstein-Barr Virus)"
"Morphea"
"Morphea (Localized Scleroderma)"
"Mucopolysaccharidosis"
"Mucosal melanoma"
"Multiple Sclerosis"
"Multiple Sclerosis (MS)"
"Multiple sclerosis"
"Multisystem Inflammatory Syndrome in Children (MIS-C)"
"Muscle Strain or Overuse Injury"
"Muscle strain"
"Muscular Dystrophy"
"Muscular Dystrophy (MD)"
"Muscular dystrophy"
"Muscular dystrophy (e.g., Duchenne muscular dystrophy)"
"Muscular dystrophy (e.g., Duchenne or Becker)"
"Muscular dystrophy (other types)"
"Muscular dystrophy-dystroglycanopathy"
"Musculoskeletal Strain or Injury"
"Myasthenia Gravis"
"Myasthenia gravis"
"Myocarditis"
"Myofascial Pain Syndrome"
"Myositis"
"Myositis (Inflammatory Muscle Disease)"
"Nephrogenic Systemic Fibrosis"
"Nephrogenic systemic fibrosis"
"Nephrotic Syndrome"
"Nephrotic syndrome"
"Neuroblastoma"
"Neurocutaneous Syndrome"
"Neurocutaneous Syndromes (e.g., Sturge-Weber syndrome)"
"Neurocysticercosis"
"Neurofibroma"
"Neurofibromatosis"
"Neurofibromatosis Type 1"
"Neurofibromatosis Type 1 (NF1)"
"Neurofibromatosis type 1"
"Neurological Disorder"
"Neurological Lyme Disease"
"Neurological disorder"
"Neurological disorder (e.g. Brain tumor)"
"Neurological disorder (e.g., Multiple Sclerosis)"
"Neurological disorder (e.g., epilepsy)"
"Neurological disorder (such as Guillain-Barre syndrome)"
"Neuropsychiatric Disorder (e.g., ADHD with comorbid conditions)"
"Neuropsychiatric Lupus"
"Neuropsychiatric Sarcoidosis"
"Neuropsychiatric Systemic Lupus Erythematosus (NPSLE)"
"Neuropsychiatric manifestations of Celiac Disease"
"Niemann-Pick Disease"
"Non-Hodgkin Lymphoma"
"Non-Hodgkin's Lymphoma"
"Non-alcoholic Fatty Liver Disease"
"Non-alcoholic fatty liver disease"
"Nonalcoholic Fatty Liver Disease"
"Nonalcoholic Fatty Liver Disease (NAFLD)"
"Nutritional Deficiencies"
"Nutritional Deficiencies (e.g., iron, zinc, or protein deficiency)"
"Nutritional Deficiency"
"Nutritional Deficiency (Vitamin C/B12)"
"Nutritional Deficiency (Vitamin D/B12)"
"Nutritional Deficiency (e.g., Vitamin B12)"
"Nutritional Deficiency (e.g., Vitamin C Deficiency or Scurvy)"
"Nutritional Deficiency (e.g., Vitamin C deficiency)"
"Nutritional Deficiency (e.g., Vitamin C or D)"
"Nutritional Deficiency (e.g., Vitamin D or C)"
"Nutritional Deficiency (e.g., Vitamin D or Zinc)"
"Nutritional Deficiency (e.g., Zinc Deficiency)"
"Nutritional Deficiency (such as Vitamin C deficiency)"
"Nutritional Deficiency or Malnutrition"
"Nutritional deficiency"
"Nutritional deficiency (such as Vitamin D deficiency)"
"Obesity"
"Obesity-related respiratory issues"
"Oral Thrush"
"Oral Thrush (Candidiasis)"
"Oral thrush"
"Osteoarthritis"
"Osteochondritis Dissecans"
"Osteogenesis Imperfecta"
"Osteomyelitis"
"Osteosarcoma"
"Otitis Media (Ear Infection)"
"Otitis media (ear infection)"
"Overlap Syndrome"
"Overlap Syndrome (Juvenile Dermatomyositis and SLE)"
"Overlap Syndrome (Mixed Connective Tissue Disease)"
"Overuse Injury"
"Pachydermoperiostosis (Primary Hypertrophic Osteoarthropathy)"
"Pancreatitis"
"Panniculitis"
"Paraneoplastic Syndrome"
"Parasitic Infection"
"Parry-Romberg Syndrome"
"Parvovirus B19 Infection"
"Parvovirus B19 Infection (Fifth Disease)"
"Parvovirus B19 infection"
"Parvovirus B19 infection (Fifth Disease)"
"Parvovirus B19 infection (Fifth disease)"
"Pediatric Acute-onset Neuropsychiatric Syndrome (PANS)"
"Pediatric Allergic Reaction"
"Pediatric Antiphospholipid Syndrome"
"Pediatric Antiphospholipid Syndrome (APS)"
"Pediatric Anxiety Disorder"
"Pediatric Autoimmune Hepatitis"
"Pediatric Autoimmune Neuropsychiatric Disorders Associated with Streptococcal Infections (PANDAS)"
"Pediatric Behçet's Disease"
"Pediatric COVID-19"
"Pediatric Chronic Fatigue Syndrome"
"Pediatric Chronic Liver Disease"
"Pediatric Crohn's Disease"
"Pediatric Depression with Psychosomatic Symptoms"
"Pediatric Dermatomyositis"
"Pediatric Fibromyalgia"
"Pediatric Gastroesophageal Reflux Disease (GERD)"
"Pediatric Hyperthyroidism"
"Pediatric Inflammatory Bowel Disease (IBD)"
"Pediatric Lupus"
"Pediatric Lupus (SLE)"
"Pediatric Lupus (Systemic Lupus Erythematosus)"
"Pediatric Lupus Erythematosus"
"Pediatric Lymphoma"
"Pediatric Malignancy (e.g., leukemia)"
"Pediatric Migraine"
"Pediatric Mixed Connective Tissue Disease"
"Pediatric Myasthenia Gravis"
"Pediatric Nephrotic Syndrome"
"Pediatric Neuropsychiatric Disorders Associated with Streptococcal Infections (PANDAS)"
"Pediatric Neuropsychiatric Lupus"
"Pediatric Onset Neuropsychiatric Syndrome (PANS)"
"Pediatric Onset Psoriasis"
"Pediatric Onset Sarcoidosis"
"Pediatric Onset Schizophrenia"
"Pediatric Onset Sjogren's Syndrome"
"Pediatric Psoriasis"
"Pediatric Pulmonary Hypertension"
"Pediatric Raynaud's Phenomenon"
"Pediatric Rheumatoid Arthritis"
"Pediatric Rheumatoid Arthritis (JIA)"
"Pediatric Rheumatoid Arthritis with Rash"
"Pediatric Sarcoidosis"
"Pediatric Scleroderma"
"Pediatric Sjogren's Syndrome"
"Pediatric Systemic Lupus Erythematosus"
"Pediatric Systemic Lupus Erythematosus (SLE)"
"Pediatric Systemic Lupus Erythematosus (pSLE)"
"Pediatric Systemic Vasculitis"
"Pediatric Thyroid Disorder (Hyperthyroidism)"
"Pediatric Tuberculosis"
"Pediatric Ulcerative Colitis"
"Pediatric Vasculitis"
"Pediatric Vasculitis (e.g., Henoch-Schönlein Purpura)"
"Pediatric Vasculitis (e.g., Polyarteritis Nodosa)"
"Pediatric autoimmune neuropsychiatric disorders associated with streptococcal infections (PANDAS)"
"Pediatric fibromyalgia"
"Pediatric lupus"
"Pemphigus Vulgaris"
"Peptic Ulcer Disease"
"Peptic ulcer disease"
"Pericardial Effusion"
"Pericarditis"
"Periodic Fever Syndrome"
"Periodontal Disease"
"Periodontal disease"
"Peripheral Arterial Disease"
"Peripheral Arterial Disease (PAD)"
"Peripheral Artery Disease"
"Peripheral Artery Disease (PAD)"
"Peripheral Artery Disease (Pediatric)"
"Peripheral Cyanosis"
"Peripheral Nerve Compression"
"Peripheral Neuropathy"
"Peripheral Vascular Disease"
"Peripheral arterial disease"
"Peripheral artery disease"
"Peripheral artery disease (PAD)"
"Peripheral neuropathy"
"Peripheral vascular disease"
"Peritonitis"
"Peritonitis (sterile)"
"Pernio (Chilblains)"
"Pharyngitis"
"Pheochromocytoma"
"Photoallergic reaction"
"Photosensitive Dermatitis"
"Photosensitive Disorder"
"Photosensitive Drug Reaction"
"Photosensitive Eczema"
"Photosensitive Epilepsy"
"Photosensitive Vasculitis"
"Photosensitivity"
"Photosensitivity Dermatitis"
"Photosensitivity Drug Reaction"
"Photosensitivity due to Medication or Chemical Exposure"
"Photosensitivity-related Dermatitis"
"Pilomatricoma"
"Pleural Effusion"
"Pleural effusion"
"Pleurisy"
"Plummer-Vinson Syndrome"
"Pneumocystis pneumonia"
"Pneumonia"
"Pneumonia with Sepsis"
"Pneumonia with complications"
"Pneumonia with pleural effusion"
"Poly/dermatomyositis"
"Polyarteritis Nodosa"
"Polyarteritis Nodosa (PAN)"
"Polyarticular Juvenile Idiopathic Arthritis"
"Polyarticular Juvenile Rheumatoid Arthritis"
"Polycystic Kidney Disease"
"Polycystic Ovary Syndrome (PCOS)"
"Polycystic ovary syndrome (PCOS)"
"Polymorphic Light Eruption"
"Polymorphous Light Eruption"
"Polymyositis"
"Polymyositis with Overlap Syndrome"
"Polymyositis with secondary skin involvement"
"Polymyositis/Dermatomyositis"
"Pompe Disease"
"Poor Circulation"
"Poor Circulation (Peripheral Vascular Disease)"
"Poor Circulation/Peripheral Vascular Disease"
"Poor circulation"
"Porphyria"
"Porphyria Cutanea Tarda"
"Porphyria cutanea tarda"
"Portal hypertension"
"Post-Streptococcal Glomerulonephritis"
"Post-Streptococcal Glomerulonephritis (PSGN)"
"Post-Streptococcal Reactive Arthritis"
"Post-Traumatic Stress Disorder (PTSD) with Anxiety"
"Post-Viral Myositis"
"Post-Viral Syndrome"
"Post-infectious Complications"
"Post-infectious Glomerulonephritis"
"Post-infectious depression"
"Post-streptococcal Glomerulonephritis"
"Post-streptococcal Glomerulonephritis (PSGN)"
"Post-streptococcal glomerulonephritis"
"Post-streptococcal glomerulonephritis (PSGN)"
"Post-traumatic contracture"
"Post-viral Arthritis"
"Post-viral Myalgia"
"Poststreptococcal Glomerulonephritis"
"Poststreptococcal glomerulonephritis"
"Primary Antiphospholipid Syndrome"
"Primary Biliary Cholangitis"
"Primary Biliary Cholangitis (PBC)"
"Primary Biliary Cholangitis (PBC) with overlap syndrome"
"Primary Biliary Cholangitis (PBC), with Overlapping Autoimmune Features"
"Primary Biliary Cholangitis with overlap syndrome"
"Primary Esophageal Motility Disorder"
"Primary Herpetic Gingivostomatitis"
"Primary Hypertension"
"Primary Immunodeficiency Disorder"
"Primary Myelofibrosis"
"Primary Pulmonary Arterial Hypertension"
"Primary Pulmonary Hypertension"
"Primary Raynaud's Disease"
"Primary Raynaud's Disease with Coincidental Contracture"
"Primary Raynaud's Disease with Coincidental Dysphagia"
"Primary Raynaud's Disease with Coincidental Lung and Kidney Issues"
"Primary Raynaud's Disease with coincidental other symptoms"
"Primary Raynaud's Phenomenon"
"Primary Raynaud's Phenomenon with Complications"
"Primary Raynaud's Phenomenon with Esophageal Dysmotility"
"Primary Raynaud's Phenomenon with Potential Overlap Syndrome"
"Primary Raynaud's Phenomenon with Secondary Complications"
"Primary Raynaud's Phenomenon with Secondary Lung Involvement"
"Primary Raynaud's Phenomenon with Secondary Organ Involvement"
"Primary Raynaud's Phenomenon with Secondary Pulmonary Condition"
"Primary Raynaud's Phenomenon with Secondary Pulmonary Hypertension"
"Primary Raynaud's Phenomenon with Secondary Pulmonary Issues"
"Primary Raynaud's Phenomenon with Secondary Respiratory Condition"
"Primary Raynaud's Phenomenon with Secondary Symptoms"
"Primary Raynaud's Phenomenon with secondary complications"
"Primary Raynaud's disease"
"Primary Sjögren's Syndrome"
"Primary Sjögren’s Syndrome"
"Primary biliary cholangitis"
"Primary pulmonary arterial hypertension"
"Primary pulmonary hypertension"
"Progressive Systemic Scleroderma"
"Progressive Systemic Sclerosis"
"Progressive Systemic Sclerosis (Scleroderma)"
"Progressive systemic sclerosis"
"Psoriasis"
"Psoriasis or Psoriatic Arthritis"
"Psoriasis with Psoriatic Arthritis"
"Psoriasis with Secondary Myopathy"
"Psoriasis with psoriatic arthritis"
"Psoriatic Arthritis"
"Psoriatic Juvenile Idiopathic Arthritis"
"Psoriatic arthritis"
"Psychiatric Disorder"
"Psychological Stress or Anxiety"
"Psychosis due to an underlying medical condition"
"Psychosomatic Pain"
"Psychotic Disorder"
"Psychotic disorder"
"Pulmonary Arterial Hypertension"
"Pulmonary Arterial Hypertension (PAH)"
"Pulmonary Arterial Hypertension (PAH) secondary to Connective Tissue Disease"
"Pulmonary Arterial Hypertension associated with Connective Tissue Disease"
"Pulmonary Embolism"
"Pulmonary Fibrosis"
"Pulmonary Fibrosis secondary to an autoimmune process"
"Pulmonary Hemorrhage"
"Pulmonary Hypertension"
"Pulmonary Hypertension with associated autoimmune disease"
"Pulmonary Vasculitis"
"Pulmonary arteriovenous malformation"
"Pulmonary disease"
"Pulmonary embolism"
"Pulmonary fibrosis"
"Pulmonary hypertension"
"Pulmonary tuberculosis"
"Radiation-induced fibrosis"
"Raynaud's Disease"
"Raynaud's Disease (Primary Raynaud's Phenomenon)"
"Raynaud's Disease (Primary Raynaud's)"
"Raynaud's Disease (Primary)"
"Raynaud's Disease with Associated Autoimmune Condition"
"Raynaud's Disease with Comorbidities"
"Raynaud's Disease with Scleroderma"
"Raynaud's Disease with Secondary Autoimmune Condition"
"Raynaud's Disease with Secondary Complications"
"Raynaud's Disease with Secondary Condition"
"Raynaud's Disease with Secondary Infection"
"Raynaud's Disease with complications"
"Raynaud's Disease with secondary complications"
"Raynaud's Disease/Phenomenon"
"Raynaud's Phenomenon"
"Raynaud's Phenomenon (Secondary)"
"Raynaud's Phenomenon (secondary)"
"Raynaud's Phenomenon Secondary to Another Condition"
"Raynaud's Phenomenon Secondary to Another Connective Tissue Disease"
"Raynaud's Phenomenon Secondary to Another Connective Tissue Disorder"
"Raynaud's Phenomenon Secondary to Autoimmune Disease"
"Raynaud's Phenomenon Secondary to Autoimmune Disorder"
"Raynaud's Phenomenon Secondary to Connective Tissue Disease"
"Raynaud's Phenomenon Secondary to Connective Tissue Disorder"
"Raynaud's Phenomenon Secondary to Other Connective Tissue Disease"
"Raynaud's Phenomenon Secondary to an Autoimmune Disorder"
"Raynaud's Phenomenon Secondary to an Underlying Condition"
"Raynaud's Phenomenon as part of Scleroderma"
"Raynaud's Phenomenon associated with Connective Tissue Disease"
"Raynaud's Phenomenon associated with an autoimmune condition"
"Raynaud's Phenomenon secondary to Autoimmune Disease"
"Raynaud's Phenomenon secondary to Connective Tissue Disease"
"Raynaud's Phenomenon secondary to a Connective Tissue Disorder"
"Raynaud's Phenomenon secondary to a connective tissue disease"
"Raynaud's Phenomenon secondary to an autoimmune condition"
"Raynaud's Phenomenon secondary to an autoimmune disease"
"Raynaud's Phenomenon secondary to an autoimmune disorder"
"Raynaud's Phenomenon secondary to an underlying condition"
"Raynaud's Phenomenon secondary to another autoimmune condition"
"Raynaud's Phenomenon secondary to another autoimmune disorder"
"Raynaud's Phenomenon secondary to another condition"
"Raynaud's Phenomenon secondary to another connective tissue disorder"
"Raynaud's Phenomenon secondary to juvenile connective tissue disease"
"Raynaud's Phenomenon with Associated Autoimmune Disorder"
"Raynaud's Phenomenon with Associated Connective Tissue Disorder"
"Raynaud's Phenomenon with Complications"
"Raynaud's Phenomenon with Connective Tissue Disease"
"Raynaud's Phenomenon with Connective Tissue Disorder"
"Raynaud's Phenomenon with Esophageal Dysfunction"
"Raynaud's Phenomenon with Esophageal Involvement"
"Raynaud's Phenomenon with Overlap Syndrome"
"Raynaud's Phenomenon with Sclerodactyly"
"Raynaud's Phenomenon with Scleroderma"
"Raynaud's Phenomenon with Secondary Autoimmune Condition"
"Raynaud's Phenomenon with Secondary Cause"
"Raynaud's Phenomenon with Secondary Causes"
"Raynaud's Phenomenon with Secondary Complications"
"Raynaud's Phenomenon with Secondary Connective Tissue Disease"
"Raynaud's Phenomenon with Secondary Connective Tissue Disorder"
"Raynaud's Phenomenon with Secondary Hypertension"
"Raynaud's Phenomenon with Secondary Sclerodactyly"
"Raynaud's Phenomenon with Secondary Scleroderma"
"Raynaud's Phenomenon with Secondary Sclerosis"
"Raynaud's Phenomenon with Secondary Sjögren's Syndrome"
"Raynaud's Phenomenon with Secondary Skin Changes"
"Raynaud's Phenomenon with Systemic Involvement"
"Raynaud's Phenomenon with Underlying Cause"
"Raynaud's Phenomenon with Underlying Connective Tissue Disease"
"Raynaud's Syndrome"
"Raynaud's Syndrome (primary or secondary)"
"Raynaud's Syndrome (secondary to an autoimmune disorder)"
"Raynaud's Syndrome (with an underlying connective tissue disorder)"
"Raynaud's Syndrome (with underlying autoimmune condition)"
"Raynaud's Syndrome with associated autoimmune condition"
"Raynaud's disease"
"Raynaud's phenomenon"
"Raynaud's phenomenon secondary to another autoimmune condition"
"Raynaud's syndrome"
"Raynaud’s Disease"
"Raynaud’s Phenomenon"
"Raynaud’s Phenomenon (Primary)"
"Raynaud’s Phenomenon secondary to another condition"
"Raynaud’s Phenomenon with Secondary Connective Tissue Disease"
"Reactive Arthritis"
"Reflex Sympathetic Dystrophy"
"Reflex Sympathetic Dystrophy (Complex Regional Pain Syndrome Type I)"
"Reflex Sympathetic Dystrophy (Complex Regional Pain Syndrome)"
"Reflex Sympathetic Dystrophy (RSD)"
"Reflex Sympathetic Dystrophy (RSD)/Complex Regional Pain Syndrome (CRPS)"
"Reflex sympathetic dystrophy (Complex Regional Pain Syndrome)"
"Renal Disease"
"Renal disease"
"Respiratory Disorder"
"Respiratory Infection"
"Respiratory Tract Infection"
"Respiratory muscle weakness"
"Respiratory tract infection"
"Restrictive Lung Disease"
"Reye's Syndrome"
"Reynaud's Disease"
"Reynaud's Phenomenon"
"Reynaud's disease"
"Reynaud's phenomenon"
"Reynold's syndrome"
"Rhabdomyolysis"
"Rheumatic Fever"
"Rheumatic Heart Disease"
"Rheumatic fever"
"Rheumatic heart disease"
"Rheumatoid Arthritis"
"Rheumatoid Arthritis (Juvenile Form)"
"Rheumatoid Arthritis (Juvenile Idiopathic Arthritis - JIA)"
"Rheumatoid Arthritis (Juvenile Idiopathic Arthritis subtype)"
"Rheumatoid Arthritis (Juvenile Idiopathic Arthritis)"
"Rheumatoid Arthritis (Juvenile form)"
"Rheumatoid Arthritis (Juvenile onset)"
"Rheumatoid Arthritis (Juvenile)"
"Rheumatoid Arthritis (RA)"
"Rheumatoid Arthritis (juvenile onset)"
"Rheumatoid Arthritis (with systemic involvement)"
"Rheumatoid Arthritis with Complications"
"Rheumatoid Arthritis with Extra-Articular Manifestations"
"Rheumatoid Arthritis with Extra-articular Manifestations"
"Rheumatoid Arthritis with Lung Involvement"
"Rheumatoid Arthritis with Raynaud's"
"Rheumatoid Arthritis with Raynaud's Phenomenon"
"Rheumatoid Arthritis with Secondary Raynaud's"
"Rheumatoid Arthritis with Secondary Sjögren's"
"Rheumatoid Arthritis with Secondary Sjögren's Syndrome"
"Rheumatoid Arthritis with Skin Manifestations"
"Rheumatoid Arthritis with Systemic Involvement"
"Rheumatoid Arthritis with Vasculitis"
"Rheumatoid Arthritis with extra-articular manifestations"
"Rheumatoid Nodules"
"Rheumatoid Nodules in Juvenile Idiopathic Arthritis"
"Rheumatoid arthritis"
"Rheumatoid nodules"
"Rocky Mountain Spotted Fever"
"Rocky Mountain spotted fever"
"Rosacea"
"Roseola"
"Rubella"
"SLE (Systemic Lupus Erythematosus)"
"SLE (Systemic Lupus Erythematous)"
"SLE Overlap Syndrome"
"SLE-Associated Cardiopulmonary Complications"
"SLE-associated Lupus Nephritis"
"SLE-associated Vasculitis"
"SLE-induced lupus nephritis"
"SLE-related nephritis"
"SLE-related vasculitis"
"Sarcoidosis"
"Scabies"
"Scarlatina (Scarlet Fever)"
"Scarlet Fever"
"Scarlet fever"
"Scleredema"
"Scleroderma"
"Scleroderma (Juvenile Localized)"
"Scleroderma (Juvenile Systemic Sclerosis)"
"Scleroderma (Juvenile)"
"Scleroderma (Localized Scleroderma or Morphea)"
"Scleroderma (Localized Scleroderma)"
"Scleroderma (Localized Scleroderma/Morphea)"
"Scleroderma (Localized or Systemic Sclerosis)"
"Scleroderma (Localized or Systemic)"
"Scleroderma (Localized)"
"Scleroderma (Localized/Cutaneous)"
"Scleroderma (Localized/Linear)"
"Scleroderma (Localized/Morphea)"
"Scleroderma (Pediatric Localized Scleroderma)"
"Scleroderma (Pediatric Systemic Sclerosis)"
"Scleroderma (Pediatric)"
"Scleroderma (Systemic Sclerosis)"
"Scleroderma (Systemic sclerosis)"
"Scleroderma (juvenile systemic sclerosis)"
"Scleroderma (localized or systemic)"
"Scleroderma (localized)"
"Scleroderma (systemic sclerosis)"
"Scleroderma Overlap Syndrome"
"Scleroderma Renal Crisis"
"Scleroderma-like Esophageal Dysmotility"
"Scleroderma-like Syndrome due to Environmental or Drug Exposure"
"Scleroderma-like disorders"
"Scleromyxedema"
"Scorbutic (Vitamin C Deficiency)"
"Scurvy"
"Scurvy (Vitamin C deficiency)"
"Sepsis"
"Septic Arthritis"
"Septic arthritis"
"Serositis"
"Serum Sickness"
"Severe Anemia"
"Severe Asthma"
"Severe Asthma with Hypoxemia"
"Severe allergic reaction or drug reaction"
"Sickle Cell Anemia"
"Sickle Cell Disease"
"Sickle cell anemia"
"Sickle cell disease"
"Sjogren's Syndrome"
"Sjogren's syndrome"
"Sjögren's Syndrome"
"Sjögren's Syndrome with overlap features"
"Sjögren's syndrome"
"Sjögren’s Syndrome"
"Solar Urticaria"
"Spastic Diplegia"
"Spinal Muscular Atrophy"
"Splenic sequestration"
"Splenomegaly"
"Staphylococcal Scalded Skin Syndrome (SSSS)"
"Steatocystoma Multiplex"
"Steatocystoma multiplex"
"Stevens-Johnson Syndrome"
"Stevens-Johnson Syndrome (SJS)"
"Stevens-Johnson syndrome"
"Still's Disease"
"Still's Disease (Systemic Juvenile Idiopathic Arthritis)"
"Still's Disease (Systemic Onset Juvenile Idiopathic Arthritis)"
"Still's Disease (a form of systemic JIA)"
"Storage disorders"
"Strep Throat"
"Strep Throat with Rheumatic Fever"
"Strep Throat with Scarlet Fever"
"Strep throat"
"Strep throat infection"
"Streptococcal Infection"
"Streptococcal Infection (Scarlet Fever or Post-Streptococcal Glomerulonephritis)"
"Streptococcal Infection (Scarlet Fever)"
"Streptococcal Infection (Strep Throat)"
"Streptococcal Infection with Post-Streptococcal Reaction"
"Streptococcal Infection with Post-Streptococcal Reactive Arthritis"
"Streptococcal Pharyngitis"
"Streptococcal Pharyngitis (Strep Throat)"
"Streptococcal Pharyngitis with Post-Strep Syndrome"
"Streptococcal Pharyngitis with Post-Streptococcal Glomerulonephritis"
"Streptococcal Pharyngitis with Post-Streptococcal Syndrome"
"Streptococcal Pharyngitis with Scarlet Fever"
"Streptococcal Pharyngitis with complications"
"Streptococcal infection"
"Streptococcal pharyngitis"
"Streptococcal pharyngitis (Strep throat)"
"Sturge-Weber syndrome"
"Subcutaneous Fat Necrosis"
"Subcutaneous Granuloma Annulare"
"Systemic Amyloidosis"
"Systemic Candidiasis"
"Systemic Hypertension"
"Systemic Infection"
"Systemic Inflammatory Response Syndrome"
"Systemic Inflammatory Response Syndrome (SIRS)"
"Systemic JIA"
"Systemic JIA (Juvenile Idiopathic Arthritis)"
"Systemic JIA-associated MAS"
"Systemic Juvenile Dermatomyositis"
"Systemic Juvenile Idiopathic Arthritis"
"Systemic Juvenile Idiopathic Arthritis (JIA)"
"Systemic Juvenile Idiopathic Arthritis (SJIA)"
"Systemic Juvenile Idiopathic Arthritis (Still's Disease)"
"Systemic Juvenile Idiopathic Arthritis (Still's disease)"
"Systemic Juvenile Idiopathic Arthritis (sJIA)"
"Systemic Juvenile Lupus Erythematosus"
"Systemic Juvenile Scleroderma"
"Systemic Lupus Erythematosus"
"Systemic Lupus Erythematosus (Childhood Onset)"
"Systemic Lupus Erythematosus (Juvenile onset)"
"Systemic Lupus Erythematosus (Juvenile)"
"Systemic Lupus Erythematosus (Pediatric)"
"Systemic Lupus Erythematosus (SLE)"
"Systemic Lupus Erythematosus (SLE) Nephritis"
"Systemic Lupus Erythematosus (SLE) with CNS Involvement"
"Systemic Lupus Erythematosus (SLE) with CNS involvement"
"Systemic Lupus Erythematosus (SLE) with Cardiac Involvement"
"Systemic Lupus Erythematosus (SLE) with Central Nervous System (CNS) involvement"
"Systemic Lupus Erythematosus (SLE) with Central Nervous System Involvement"
"Systemic Lupus Erythematosus (SLE) with Cutaneous Lupus Erythematosus"
"Systemic Lupus Erythematosus (SLE) with Encephalopathy"
"Systemic Lupus Erythematosus (SLE) with Gastrointestinal Involvement"
"Systemic Lupus Erythematosus (SLE) with Hemophagocytic Lymphohistiocytosis (HLH)"
"Systemic Lupus Erythematosus (SLE) with Kidney Involvement"
"Systemic Lupus Erythematosus (SLE) with Lupus Nephritis"
"Systemic Lupus Erythematosus (SLE) with Lupus Psychosis"
"Systemic Lupus Erythematosus (SLE) with Neuropsychiatric Involvement"
"Systemic Lupus Erythematosus (SLE) with Neuropsychiatric Manifestation"
"Systemic Lupus Erythematosus (SLE) with Neuropsychiatric Symptoms"
"Systemic Lupus Erythematosus (SLE) with Neuropsychiatric involvement"
"Systemic Lupus Erythematosus (SLE) with Peritonitis"
"Systemic Lupus Erythematosus (SLE) with Rhabdomyolysis"
"Systemic Lupus Erythematosus (SLE) with associated hematologic manifestations"
"Systemic Lupus Erythematosus (SLE) with central nervous system (CNS) involvement"
"Systemic Lupus Erythematosus (SLE) with complications"
"Systemic Lupus Erythematosus (SLE) with lupus nephritis"
"Systemic Lupus Erythematosus (SLE) with neuropsychiatric symptoms"
"Systemic Lupus Erythematosus (SLE) with secondary Antiphospholipid Syndrome (APS)"
"Systemic Lupus Erythematosus (with subcutaneous involvement)"
"Systemic Lupus Erythematosus Nephritis"
"Systemic Lupus Erythematosus can also lead to cardiovascular disease"
"Systemic Lupus Erythematosus with CNS Involvement"
"Systemic Lupus Erythematosus with CNS involvement"
"Systemic Lupus Erythematosus with Gastrointestinal Involvement"
"Systemic Lupus Erythematosus with Hepatic Involvement"
"Systemic Lupus Erythematosus with Lupus Nephritis"
"Systemic Lupus Erythematosus with Myocarditis"
"Systemic Lupus Erythematosus with Pancreatitis"
"Systemic Lupus Erythematosus with Pleuritis"
"Systemic Lupus Erythematosus with Psychosis"
"Systemic Lupus Erythematosus with Renal Involvement"
"Systemic Lupus Erythematosus with organ involvement"
"Systemic Lupus Nephritis"
"Systemic Lupus Vasculitis"
"Systemic Lupus Vasculitis (LV)"
"Systemic Mastocytosis"
"Systemic Onset Juvenile Rheumatoid Arthritis (SOJIA)"
"Systemic Sarcoidosis"
"Systemic Scleroderma"
"Systemic Scleroderma (Diffuse Cutaneous Systemic Sclerosis)"
"Systemic Sclerosis"
"Systemic Sclerosis (Juvenile Form)"
"Systemic Sclerosis (Juvenile Scleroderma)"
"Systemic Sclerosis (Juvenile)"
"Systemic Sclerosis (Pediatric Scleroderma)"
"Systemic Sclerosis (Pediatric)"
"Systemic Sclerosis (Scleroderma)"
"Systemic Sclerosis with Renal Crisis"
"Systemic Sclerosis with Systemic Lupus Erythematosus overlap"
"Systemic Vasculitis"
"Systemic Vasculitis (e.g., Kawasaki Disease)"
"Systemic Vasculitis (such as Kawasaki disease)"
"Systemic amyloidosis"
"Systemic erythematosus lupus (SLE)"
"Systemic fungal infection"
"Systemic hypertension"
"Systemic infections (such as tuberculosis or fungal infections)"
"Systemic inflammatory response syndrome (SIRS)"
"Systemic juvenile idiopathic arthritis"
"Systemic juvenile idiopathic arthritis (SJIA)"
"Systemic juvenile idiopathic arthritis (Still's disease)"
"Systemic juvenile idiopathic arthritis (sJIA)"
"Systemic lupus erythematosus"
"Systemic lupus erythematosus (SLE)"
"Systemic lupus erythematosus (SLE) nephritis"
"Systemic lupus erythematosus (SLE) with Raynaud's phenomenon"
"Systemic lupus erythematosus (SLE) with lupus nephritis"
"Systemic lupus erythematosus (SLE) with secondary Sjögren's syndrome"
"Systemic lupus erythematosus with lupus nephritis"
"Systemic lupus erythematosus with neuropsychiatric involvement"
"Systemic lupus erythematosus with neuropsychiatric symptoms"
"Systemic lupus erythematosus with renal involvement"
"Systemic lupus nephritis"
"Systemic lupus vasculitis"
"Systemic mastocytosis"
"Systemic onset Juvenile Idiopathic Arthritis (SoJIA)"
"Systemic onset Juvenile Rheumatoid Arthritis"
"Systemic onset Juvenile Rheumatoid Arthritis (SOJIA)"
"Systemic onset juvenile idiopathic arthritis"
"Systemic onset juvenile idiopathic arthritis (SoJIA)"
"Systemic onset juvenile idiopathic arthritis (Still's disease)"
"Systemic onset juvenile rheumatoid arthritis"
"Systemic onset juvenile rheumatoid arthritis (SOJIA)"
"Systemic onset juvenile rheumatoid arthritis (Still's disease)"
"Systemic scleroderma"
"Systemic sclerosis"
"Systemic sclerosis (Scleroderma)"
"Systemic sclerosis (scleroderma)"
"Systemic sclerosis (scleroderma) with scleroderma renal crisis"
"Systemic sclerosis-associated interstitial lung disease"
"Systemic vasculitis"
"Systemic vasculitis (e.g., Henoch-Schonlein purpura)"
"Systemic-onset juvenile idiopathic arthritis"
"Takayasu's Arteritis"
"Tetralogy of Fallot"
"Thalassemia"
"Thoracic Outlet Syndrome"
"Thoracic outlet syndrome"
"Throat Infection/Strep Throat"
"Thromboangiitis obliterans (Buerger's disease)"
"Thrombocytopenic Purpura"
"Thrombophlebitis"
"Thrombotic Thrombocytopenic Purpura"
"Thrombotic Thrombocytopenic Purpura (TTP)"
"Thyroid Disease"
"Thyroid Disorder"
"Thyroid Disorder (e.g., Hashimoto's Thyroiditis)"
"Thyroid Disorder (e.g., Hypothyroidism)"
"Thyroid Dysfunction (e.g., Hashimoto's thyroiditis)"
"Thyroid Dysfunction (e.g., Hyperthyroidism)"
"Thyroid disorder"
"Thyroid disorder (e.g., Hashimoto's thyroiditis)"
"Thyroid disorder (e.g., Hyperthyroidism)"
"Thyroid disorder (hyperthyroidism)"
"Thyroiditis"
"Thyroiditis (e.g., Hashimoto's or Graves' disease)"
"Tinea capitis"
"Toxic Epidermal Necrolysis"
"Toxic Shock Syndrome"
"Toxic shock syndrome"
"Tracheoesophageal Fistula"
"Trauma"
"Trauma or Injury"
"Trauma or injury"
"Trauma/Abuse"
"Trigger Finger"
"Tuberculosis"
"Tuberculosis (TB)"
"Tuberculosis (TB) lymphadenitis"
"Tuberculosis Lymphadenitis"
"Tuberculosis Meningitis"
"Tuberculosis lymphadenitis"
"Tuberous Sclerosis"
"Tuberous Sclerosis Complex"
"Tuberous Sclerosis Complex (TSC)"
"Tuberous sclerosis"
"Turner Syndrome"
"Turner syndrome"
"Type 1 Diabetes"
"Type 1 Diabetes Mellitus"
"Typhoid Fever"
"Typhoid fever"
"Ulcerative Colitis"
"Undifferentiated Connective Tissue Disease"
"Undifferentiated Connective Tissue Disease (UCTD)"
"Upper Respiratory Infection"
"Urinary Tract Infection"
"Urinary Tract Infection (UTI)"
"Urinary Tract Infection with systemic involvement"
"Urinary tract infection"
"Urinary tract infection (UTI)"
"Vascular Anomaly"
"Vascular Compression Syndromes"
"Vascular Disease"
"Vascular Ehlers-Danlos Syndrome"
"Vascular Malformation"
"Vasculitis"
"Vasculitis (e.g., ANCA-associated vasculitis)"
"Vasculitis (e.g., Granulomatosis with Polyangiitis)"
"Vasculitis (e.g., Granulomatosis with polyangiitis)"
"Vasculitis (e.g., Henoch-Schönlein Purpura)"
"Vasculitis (e.g., Henoch-Schönlein purpura)"
"Vasculitis (e.g., Kawasaki Disease)"
"Vasculitis (e.g., Kawasaki Disease, Henoch-Schönlein Purpura)"
"Vasculitis (e.g., Microscopic Polyangiitis)"
"Vasculitis (e.g., Polyarteritis Nodosa)"
"Vasculitis (e.g., Wegener's Granulomatosis)"
"Vasculitis (e.g., polyarteritis nodosa)"
"Vasculitis (such as Henoch-Schönlein Purpura)"
"Vibration White Finger"
"Viral Arthritis"
"Viral Encephalitis"
"Viral Exanthem"
"Viral Exanthem (Viral Rash)"
"Viral Exanthem (e.g., Coxsackie virus)"
"Viral Exanthem (e.g., Coxsackievirus)"
"Viral Exanthem (e.g., Epstein-Barr Virus)"
"Viral Exanthem (e.g., Measles or Rubella)"
"Viral Exanthem (e.g., Measles, Roseola)"
"Viral Exanthem (e.g., Measles, Rubella)"
"Viral Exanthem (e.g., Parvovirus B19)"
"Viral Exanthem with Arthritis"
"Viral Exanthem with Complications"
"Viral Exanthem with Concurrent Pharyngitis"
"Viral Exanthem with Encephalitis"
"Viral Exanthem with Lymphadenopathy"
"Viral Exanthem with Myositis"
"Viral Exanthem with Nephritis"
"Viral Exanthem with Post-viral Fatigue"
"Viral Exanthem with Reactive Arthritis"
"Viral Exanthem with Reactive Lymphadenopathy"
"Viral Exanthema"
"Viral Exanthema (e.g., Parvovirus B19)"
"Viral Exanthema with Myositis"
"Viral Gastroenteritis"
"Viral Hepatitis"
"Viral Hepatitis with Encephalopathy"
"Viral Hepatitis with Extrahepatic Manifestations"
"Viral Hepatitis with Systemic Involvement"
"Viral Infection"
"Viral Infection (Chronic Hepatitis)"
"Viral Infection (Coxsackie virus)"
"Viral Infection (e.g. Coxsackievirus)"
"Viral Infection (e.g., Coxsackievirus or Parvovirus B19)"
"Viral Infection (e.g., Coxsackievirus)"
"Viral Infection (e.g., EBV or Parvovirus)"
"Viral Infection (e.g., Epstein-Barr Virus or Cytomegalovirus)"
"Viral Infection (e.g., Epstein-Barr Virus)"
"Viral Infection (e.g., Epstein-Barr Virus, Cytomegalovirus)"
"Viral Infection (e.g., Epstein-Barr Virus, Influenza)"
"Viral Infection (e.g., Epstein-Barr virus)"
"Viral Infection (e.g., Epstein-Barr)"
"Viral Infection (e.g., Infectious Mononucleosis)"
"Viral Infection (e.g., Influenza)"
"Viral Infection (e.g., Influenza, Adenovirus)"
"Viral Infection (e.g., Influenza, Common Cold)"
"Viral Infection (e.g., Influenza, Coxsackievirus)"
"Viral Infection (e.g., Influenza, Epstein-Barr Virus)"
"Viral Infection (e.g., Measles, Rubella)"
"Viral Infection (e.g., Mononucleosis, Cytomegalovirus)"
"Viral Infection (e.g., Mononucleosis, Measles)"
"Viral Infection (e.g., Parvovirus B19)"
"Viral Infection (such as Epstein-Barr Virus or Cytomegalovirus)"
"Viral Infection (such as Epstein-Barr Virus)"
"Viral Infection (such as Epstein-Barr virus)"
"Viral Infection (such as Infectious Mononucleosis)"
"Viral Infection (such as Parvovirus B19)"
"Viral Infection (such as measles or rubella)"
"Viral Infection (with atypical presentation)"
"Viral Infection with Allergic Reaction"
"Viral Infection with Autoimmune Features"
"Viral Infection with Complications"
"Viral Infection with Dermatitis"
"Viral Infection with Myositis"
"Viral Infection with Post-viral Syndrome"
"Viral Infection with Raynaud's Phenomenon"
"Viral Infection with Reactive Arthritis"
"Viral Infection with Secondary Autoimmune Response"
"Viral Infection with Secondary Complications"
"Viral Infection with Secondary Immune Complex Disease"
"Viral Infection with a Photosensitive Rash"
"Viral Meningitis"
"Viral Meningitis with associated autoimmune response"
"Viral Myocarditis"
"Viral Myositis"
"Viral Myositis (e.g., Coxsackie virus)"
"Viral Myositis with Associated Rash"
"Viral Myositis with Rash"
"Viral Myositis with Secondary Rash"
"Viral Myositis with Vasculitis"
"Viral Pharyngitis"
"Viral Pharyngitis with Reactive Arthritis"
"Viral Respiratory Infection"
"Viral Upper Respiratory Infection"
"Viral Upper Respiratory Infection with Secondary Skin Manifestations"
"Viral exanthem"
"Viral gastroenteritis"
"Viral hepatitis"
"Viral infection"
"Viral infection (e.g., Epstein-Barr virus)"
"Viral infection (e.g., Epstein-Barr virus, Cytomegalovirus)"
"Viral infection (e.g., infectious mononucleosis)"
"Viral infection (e.g., influenza)"
"Viral infection (e.g., measles, rubella)"
"Viral infection (e.g., mononucleosis)"
"Viral infection (e.g., parvovirus B19, Coxsackievirus)"
"Viral infection (such as Epstein-Barr virus)"
"Viral infection (such as Influenza)"
"Viral infection (such as Mononucleosis)"
"Viral infection (such as hepatitis)"
"Viral infection (such as infectious mononucleosis)"
"Viral infection (such as influenza)"
"Viral myositis"
"Viral myositis (e.g., influenza or enterovirus)"
"Viral pneumonia"
"Viral upper respiratory infection"
"Visceral Leishmaniasis"
"Vitamin B12 Deficiency"
"Vitamin B12 deficiency"
"Vitamin C Deficiency (Scurvy)"
"Vitamin C deficiency (Scurvy)"
"Vitamin D Deficiency"
"Vitamin D Deficiency Myopathy"
"Vitamin D deficiency"
"Vitamin Deficiency"
"Vitamin Deficiency (e.g., Vitamin C or D)"
"Vitamin Deficiency (e.g., Vitamin C)"
"Vitamin Deficiency (e.g., Vitamin C, Iron)"
"Vitamin deficiency"
"Vitamin deficiency (e.g., Vitamin B12)"
"Vitamin deficiency (e.g., Vitamin C deficiency)"
"Vitamin deficiency (such as Vitamin D or Biotin)"
"Vocal Cord Dysfunction"
"Von Willebrand Disease"
"Wart"
"Warts"
"Wegener's Granulomatosis"
"Wegener's Granulomatosis (GPA)"
"Wegener's Granulomatosis (Granulomatosis with Polyangiitis)"
"Wegener's Granulomatosis (Granulomatosis with polyangiitis)"
"Wegener's Granulomatosis (WG)"
"Wegener's Granulomatosis (now called Granulomatosis with Polyangiitis)"
"Wegener's granulomatosis"
"Wegener's granulomatosis (Granulomatosis with polyangiitis)"
"Wegener’s Granulomatosis (Granulomatosis with Polyangiitis)"
"Wilms Tumor"
"Wilms tumor"
"Wilms' Tumor"
"Wilms' Tumor (Nephroblastoma)"
"Wilson's Disease"
"Wilson's disease"
"Wilson’s Disease"
"Xanthelasma"
"Xanthoma"
"Xanthomas"
"Xanthomatosis"
"Xeroderma Pigmentosum"
"Xeroderma pigmentosum"
"Xerostomia"
"Zinc deficiency"
