1,Skin tightening ,Rayanud phenomenon,Soft tissue contracture,Artharlgia,Muscle weakness and pain,Dyspnea ,
2,Skin tightening ,Rayanud phenomenon,Dysphagia,Dyspnea ,
3,Rayanud phenomenon,Soft tissue contracture,
4,Skin tightening ,Rayanud phenomenon,Muscle weakness and pain,Dysphagia,
5,Skin tightening ,Rayanud phenomenon,Soft tissue contracture,
6,Skin tightening ,Rayanud phenomenon,Dysphagia,
7,Skin tightening ,Muscle weakness and pain,
8,Skin tightening ,Rayanud phenomenon,Soft tissue contracture,Artharlgia,
9,Skin tightening ,Rayanud phenomenon,Artharlgia,
10,Skin tightening ,Rayanud phenomenon,Dysphagia,
11,Skin tightening ,Rayanud phenomenon,Artharlgia,
12,Skin tightening ,Soft tissue contracture,Dysphagia,
13,Rayanud phenomenon,Artharlgia,
14,Skin tightening ,Soft tissue contracture,Subcutaneous calcification,Dysphagia,Dyspnea ,
15,Skin tightening ,Rayanud phenomenon,Soft tissue contracture,Artharlgia,
16,Skin tightening ,Rayanud phenomenon,Subcutaneous calcification,
17,Skin tightening ,Rayanud phenomenon,Soft tissue contracture,Muscle weakness and pain,Dysphagia,
18,Skin tightening ,Rayanud phenomenon,
19,Skin tightening ,Rayanud phenomenon,Soft tissue contracture,Muscle weakness and pain,Subcutaneous calcification,
20,Skin tightening ,Rayanud phenomenon,Artharlgia,Dyspnea ,
21,Skin tightening ,Rayanud phenomenon,Artharlgia,
22,Skin tightening ,Rayanud phenomenon,Soft tissue contracture,
23,Skin tightening ,Rayanud phenomenon,Soft tissue contracture,
24,Skin tightening ,Rayanud phenomenon,Soft tissue contracture,
25,Rayanud phenomenon,Soft tissue contracture,Artharlgia,
