1,Arthritis,Gottron's papules,Abnormal esophageal motility,Cardiac disease,Muscle disease,
2,Arthritis,Raynaud's phenomenon,Malar rash,Gottron's papules,Fever,Cardiac disease,Muscle disease,Abnormal lung  diffusion,
3,Arthritis,Raynaud's phenomenon,Sclerodermatous skin,Fever,Abnormal esophageal motility,Cardiac disease,Pericarditis,Muscle disease,Effusion,
4,Arthritis,Raynaud's phenomenon,Malar rash,Gottron's papules,Pericarditis,Abnormal lung  diffusion,Effusion,
5,Arthritis,Raynaud's phenomenon,Fever,Cardiac disease,Pericarditis,Muscle disease,Effusion,Splenomegaly,
6,Arthritis,Raynaud's phenomenon,Fever,Cardiac disease,Effusion,Splenomegaly,
7,Arthritis,Raynaud's phenomenon,Sclerodermatous skin,Gottron's papules,Pericarditis,Abnormal lung  diffusion,
8,Arthritis,Raynaud's phenomenon,Abnormal esophageal motility,
9,Arthritis,Raynaud's phenomenon,Abnormal esophageal motility,Abnormal lung  diffusion,Renal disease,
10,Arthritis,Raynaud's phenomenon,Sclerodermatous skin,Gottron's papules,Muscle disease,Restrictive lung disese,
11,Arthritis,Raynaud's phenomenon,Sclerodermatous skin,Fever,Abnormal esophageal motility,Muscle disease,Sicca symptoms,Renal disease,
12,Raynaud's phenomenon,Gottron's papules,Abnormal lung  diffusion,Hypertension,
13,Arthritis,Raynaud's phenomenon,Abnormal esophageal motility,Cardiac disease,Muscle disease,Central nervous system disease,Restrictive lung disese,
14,Arthritis,Raynaud's phenomenon,Sclerodermatous skin,Malar rash,Gottron's papules,Abnormal esophageal motility,Muscle disease,Sicca symptoms,
15,Arthritis,Raynaud's phenomenon,Malar rash,Pericarditis,Muscle disease,Abnormal lung  diffusion,Splenomegaly,Hepatomegaly,
16,Arthritis,Raynaud's phenomenon,Fever,Muscle disease,Splenomegaly,
17,Arthritis,Raynaud's phenomenon,Abnormal esophageal motility,Muscle disease,Central nervous system disease,Effusion,Hepatomegaly,
18,Arthritis,Raynaud's phenomenon,Sclerodermatous skin,Malar rash,Fever,Central nervous system disease,
19,Arthritis,Raynaud's phenomenon,Abnormal esophageal motility,Muscle disease,Effusion,Renal disease,
20,Arthritis,Raynaud's phenomenon,Sclerodermatous skin,Gottron's papules,Cardiac disease,Pericarditis,Sicca symptoms,Abnormal lung  diffusion,Splenomegaly,Hepatomegaly,
21,Arthritis,Raynaud's phenomenon,Sclerodermatous skin,Malar rash,Gottron's papules,Fever,Abnormal esophageal motility,Central nervous system disease,Abnormal lung  diffusion,Splenomegaly,Renal disease,
22,Arthritis,Raynaud's phenomenon,Sclerodermatous skin,Malar rash,Fever,Abnormal esophageal motility,Muscle disease,Restrictive lung disese,Hepatomegaly,
23,Arthritis,Raynaud's phenomenon,Malar rash,Fever,Abnormal lung  diffusion,
24,Arthritis,Raynaud's phenomenon,Gottron's papules,Fever,Muscle disease,
25,Arthritis,Raynaud's phenomenon,Abnormal esophageal motility,Muscle disease,Sicca symptoms,Hepatomegaly,
