1,Joint tenderness,Fingers turning white,Fever,Cardiac disease,Chest pain,Abnormal lung  diffusion,Restrictive lung disese,
2,Joint tenderness,Cold hands,Tight skin,rash on kncules,Trouble swallowing solids,Chest pain,Dry mouth,Abnormal lung  diffusion,Restrictive lung disese,Hepatomegaly,
3,Joint tenderness,Finger turning blue,Fever,Food gets stuck in throat,Hepatomegaly,Renal disease,
4,Joint tenderness,Finger turning blue,Rosy cheeks,Trouble swallowing,Effusion,
5,Joint tenderness,Hard skin,Fever,Muscular Weakness,Effusion,
6,Joint pain,Cold hands,Rosy cheeks,Fever,Cardiac disease,Muscular Weakness,Dry mouth,Renal disease,
7,Cold hands,Shiny skin,Rosy cheeks,Trouble swallowing,Cardiac disease,Muscular Weakness,Restrictive lung disese,Splenomegaly,Renal disease,
8,Joint pain,Shiny skin,rash on kncules,Trouble swallowing liquids,Chest pain,Sore muscles,Dry eyes,Cognitive issues,Hepatomegaly,
9,Joint stiffness,Cold hands,Fever,Trouble swallowing liquids,Cardiac disease,Muscular Weakness,Abnormal lung  diffusion,
10,Joint stiffness,Fingers turning white,Hard skin,Rash on face,Fever,Sore muscles,Dry eyes,Psychiatric issues,Abnormal lung  diffusion,Hepatomegaly,Renal disease,
11,Joint stiffness,Cold hands,Dry eyes,Abnormal lung  diffusion,
12,Joint stiffness,Tight skin,Rosy cheeks,Fever,Trouble swallowing solids,Abnormal lung  diffusion,Effusion,Hepatomegaly,Renal disease,
13,Joint stiffness,Hard skin,Fever,Sore muscles,Abnormal lung  diffusion,
14,Joint tenderness,Finger turning blue,Rosy cheeks,Fever,Dry eyes,Encephalopathy,Restrictive lung disese,Splenomegaly,Hepatomegaly,Renal disease,
15,Joint stiffness,Rosy cheeks,Chest pain,Effusion,Splenomegaly,Renal disease,
16,Joint tenderness,Pills get stuck in throat ,Muscular Weakness,Dry mouth,Abnormal lung  diffusion,
17,Cold hands,Tight skin,Hand rash,Fever,Pills get stuck in throat ,Chest pain,Effusion,Hepatomegaly,
18,Joint pain,Fingers turning white,Shiny skin,Muscular Weakness,
19,Joint tenderness,Finger turning blue,Tight skin,Rash on cheeks,Sore muscles,Hypertension,Hepatomegaly,
20,Joint stiffness,Cold hands,Fever,Trouble swallowing solids,
21,Joint tenderness,Hand rash,Trouble swallowing,Muscular Weakness,Effusion,
22,Joint stiffness,rash on hands,Fever,Sore muscles,Abnormal lung  diffusion,Renal disease,
23,Fingers turning white,Tight skin,Rosy cheeks,Fever,Cardiac disease,Renal disease,
24,Joint tenderness,Fingers turning white,Tight skin,
25,Finger turning blue,rash on kncules,Chest pain,Sore muscles,Abnormal lung  diffusion,Hepatomegaly,
