1,Arthritis,Malar rash,Photosensitive rash,Nephritis,Pericardiitis ,
2,Fever,Lymphadenopathy,Hepatosplenomegaly,Weight loss,Arthritis,Malar rash,Photosensitive rash,Nephritis,Pleuritis,Abnormal liver function,
3,Lymphadenopathy,Hepatosplenomegaly,Arthritis,Peritonitis (sterile),
4,Fever,Hepatosplenomegaly,Arthritis,Malar rash,Nephritis,Acute confusional state,Pericardiitis ,Myocarditis,
5,Fever,Hepatosplenomegaly,Arthritis,Malar rash,Psychosis,Cardiovascular disease,Pleuritis,
6,Fever,Lymphadenopathy,Hepatosplenomegaly,Arthritis,mucosal ulceration,Nephritis,Cardiovascular disease,Pulmonary disease,Pleuritis,
7,Fever,Lymphadenopathy,Malar rash,Nephritis,Cardiovascular disease,
8,Fever,Weight loss,Malar rash,mucosal ulceration,Pneumonitis ,Abnormal liver function,
9,Fever,Malar rash,mucosal ulceration,
10,Lymphadenopathy,Arthritis,Malar rash,Photosensitive rash,Cardiovascular disease,Gastrointestinal disease,Abnormal liver function,
11,Arthritis,Malar rash,Discoid rash,Photosensitive rash,Nephritis,Seizures,Cardiovascular disease,Pulmonary disease,Gastrointestinal disease,Pancreatitis ,
12,Lymphadenopathy,Weight loss,Arthritis,Photosensitive rash,Psychosis,Pulmonary disease,Gastrointestinal disease,
13,Fever,Weight loss,Arthritis,Malar rash,Photosensitive rash,Alopecia,Nephritis,Pulmonary disease,
14,Fever,Arthritis,Malar rash,Photosensitive rash,mucosal ulceration,Cardiovascular disease,Pericardiitis ,Pulmonary disease,Pancreatitis ,
15,Fever,Lymphadenopathy,Malar rash,Photosensitive rash,Nephritis,Psychosis,Pulmonary disease,Gastrointestinal disease,Abnormal liver function,
16,Fever,Lymphadenopathy,Arthritis,Malar rash,Pericardiitis ,Gastrointestinal disease,Abnormal liver function,
17,Fever,Hepatosplenomegaly,Weight loss,Arthritis,Malar rash,Cardiovascular disease,Pulmonary disease,Gastrointestinal disease,
18,Fever,Lymphadenopathy,Weight loss,Alopecia,Psychosis,Myocarditis,Pneumonitis ,
19,Weight loss,Malar rash,Nephritis,Cardiovascular disease,Gastrointestinal disease,Abnormal liver function,
20,Fever,Lymphadenopathy,Hepatosplenomegaly,Weight loss,Arthritis,Malar rash,mucosal ulceration,Nephritis,Seizures,Headache,Pericardiitis ,Peritonitis (sterile),Abnormal liver function,
21,Weight loss,Arthritis,Malar rash,Headache,
22,Fever,Hepatosplenomegaly,Arthritis,Malar rash,Photosensitive rash,Nephritis,Gastrointestinal disease,Peritonitis (sterile),Pulmonary hemorrhage,
23,Fever,Weight loss,Malar rash,Alopecia,Nephritis,Myocarditis,Pulmonary disease,Pleuritis,
24,Weight loss,Arthritis,Malar rash,Photosensitive rash,Pericardiitis ,Gastrointestinal disease,
25,Lymphadenopathy,Arthritis,Malar rash,Nephritis,Psychosis,Pleuritis,Gastrointestinal disease,Peritonitis (sterile),
