1,lumps in neck,Butterfly rash,Lung disease,
2,Fever,lumps in neck,Enlarged Spleen,Joint pain,rash on face,Sores in mouth,Blood in urine,chest pain,sore muscles,
3,Fever,Weight loss,Joint swelling,Butterfly rash,Sores in nose,Hair thinning,Psychosis,
4,Fever,Joint pain and  stiffness,Butterfly rash,Sores in mouth,Hair thinning,Protein in urine,Psychosis,Cardiovascular disease,chest pain,Stomach pain,
5,Fever,Enlarged Spleen,Weight loss,Rash that comes on in sun,Hair loss,chest pain,
6,Fever,Enlarged Liver and Spleen,Weight loss,Joint pain and  stiffness,rash on face,Rash that comes on in sun,
7,Enlarged Liver ,Weight loss,Joint pain,Butterfly rash,Sores in mouth,Headache,Cardiovascular disease,Stomach pain,
8,Fever,Enlarged Liver ,Joint pain and  stiffness,rash on face,Blood in urine,
9,Fever,Joint swelling,rash on face,Protein in urine,Poor school performance,Pleuritis,Stomach pain,
10,Fever,Butterfly rash,Sores in nose,Seizures,Headache,chest pain,Shortness of breath,
11,Fever,Sores in nose,Cardiovascular disease,sore muscles,
12,Fever,Joint pain,rash on face,Protein in urine,Pleuritis,
13,Joint pain,Sores in mouth,Seizures,Depression,Cardiovascular disease,Pleuritis,Stomach pain,
14,Fever,lumps in neck,Enlarged Liver and Spleen,Joint swelling,Butterfly rash,Rash that comes on in sun,Sores in mouth,Protein in urine,Shortness of breath,Stomach pain,
15,Fever,
16,Fever,lumps in neck,Butterfly rash,Sores in mouth,Lung disease,
17,Joint pain,rash on face,Protein in urine,Headache,
18,Fever,Joint pain and  stiffness,Butterfly rash,Sores in mouth,Blood in urine,Shortness of breath,
19,Fever,lumps in neck,Weight loss,Joint pain and  stiffness,Blood in urine,Cardiovascular disease,Lung disease,Pleuritis,Abnormal liver function,
20,Fever,Weight loss,Joint pain,Butterfly rash,Protein in urine,Poor school performance,Pleuritis,Abnormal liver function,
21,Fever,Joint swelling,Cannot  tolerate sun,Hair thinning,chest pain,
22,Fever,Joint pain and  stiffness,Protein in urine,Psychosis,Abnormal liver function,
23,Fever,lumps in neck,Weight loss,Joint pain,Butterfly rash,Rash that comes on in sun,Protein in urine,Cardiovascular disease,chest pain,sore muscles,
24,Fever,Enlarged Liver and Spleen,Sores in mouth,Protein in urine,Seizures,Headache,Shortness of breath,Stomach pain,Peritonitis (sterile),Abnormal liver function,
25,Weight loss,Joint pain and  stiffness,Butterfly rash,Cannot  tolerate sun,Sores in mouth,Blood in urine,
